주차장 이름,주변 주차장
도봉산역 공영주차장(시),
도봉산길-1,
도봉산 공영주차장(시),
금성익스프레스(민영),
도봉동 실내스포츠센터,
도봉2동  6공영주차장(구),
오즈호프주차장(민영),
마들로-3,
S. 서울 사다리조합(민영),
동막골 노외공영주차장(구),
수락산디자인서울거리(구),
상계동강강술래,
양지(민영),
진주(민영),
도봉2동 법조타운 공영주차장(구),
현대성우아파트,
무수골 주말농장(민영),
당고개위 공영주차장(시),
도봉구청 부설주차장,
방학동 월드상가 앞 주차장(구),
인봉주차장(민영),
방학2동주민센터,
상계9동 주민센터,
상계주공11단지종합상가 주차장,
상계주공12단지종합상가,
주공11단지상가뒤(구),
주공12단지상가뒤(구),
거성학마을아파트,
도봉구 방학동 707-6 ,
이안테라디움방학역오피스텔,
홈플러스 방학점,
도깨비시장 공영주차장(구),
간송옛집  공영주차장(구),
불암산 공영주차장(구),
덕릉로-4,
덕릉로-5,
상계5동 주민센터,
상계역 서측 주택가 공영주차장(구),
노원로-2,
바로선병원,
쌍문2동 5공영주차장(구),
정병원 주차장,
신한은행 방학동지점,
학마을 도서관,
교통광장공영주차장(구),
도선사주차장(민영),
우이제일교회,
삼양로-1,
중계4동 임시공영주차장(구),
한터(민영),
한글비석로-2,
상계2동 공영주차장(구),
금호스포츠센터(민영),
노원빌딩부설주차장,
대감프라자,
드림빌딩 주차장,
롯데백화점 노원점(별관) 주차장,
롯데백화점 노원점(본관) 주차장,
와우쇼핑몰 주차장,
위성프라자 주차장,
주공7단지옆(구),
청우빌딩 주차장,
한일빌딩 주차장,
화랑빌딩,
노해로-3,
구청사주변(구),
남성빌딩 주차장,
도봉운전면허시험장,
디와이홀딩스빌딩 주차장,
미도빌딩 주차장,
삼양빌딩 주차장,
창동 문화체육센터,
LG전자베스트샵 쌍문본점,
삼성전자 주차장(민영),
우이동 공영주차장(시),
정안빌딩,
수련원주차장(민영),
은평구 진관동 275-2(민영),
승진기업주차장(민영),
유경백화점뒤(구),
신한증권옆(구),
주공5단지옆(구),
청구건영아파트옆(구),
덕릉로,
KT노원타워,
고려빌딩 주차장,
길빌딩 주차장,
덕영빌딩 주차장,
원흥상가 주차장,
조광빌딩 주차장,
주공6단지상가주변(구),
중원빌딩 주차장,
프린스빌딩 주차장,
교보생명상계사옥[노원역 2호점],
노원구청 주차장,
메가빌딩 주차장,
은성빌딩 주차장,
주공3단지상가주변(구),
청산빌딩 주차장,
태웅빌딩 주차장,
한화생명빌딩 주차장,
노원세무서,
노원세무서 앞 공영주차장(구),
백상빌딩 주차장,
씨드큐브창동,
창동역 (구)구청별관주차장(구),
하나빌딩주차장,
GS타임즈이마트창동점,
동순그린빌딩 주차장,
월가타워 주차장,
창동역(서) 공영주차장(시),
도봉구민회관,
쌍문2동 2공영주차장(구),
둘리뮤지엄  공영주차장(구),
창암(민영),
한글비석로-1,
롯데마트 중계점,
덕릉로-3,
상계백병원 주차장,
창1동주민센터,
초안산 창골주차장(구),
도봉로110길-1,
해등로3길,
대명빌딩 주차장,
더블유 Tmap 주차장(민영),
삼성쉐르빌 오피스텔 주차장,
쌍문주차장(민영),
원형빌딩 주차장,
창1동 1공영주차장(구),
하나제2빌딩 주차장,
홍일빌딩 주차장,
쌍문3동주민센터,
한일병원,
수유2동 공영주차장(구),
청록운수 차고지(민영),
노해로-2,
쌍문동 434-8 자투리 주차장(민영),
한천로-5,
한천로-6,
우이동 주민센터(수유4동),
삼양로-3,
삼양로-4,
서울시립과학관 부설주차장,
2001아울렛 중계점,
마들스타디움(근린공원)(구),
도봉 문화정보도서관,
초안산꽃동산공영주차장(구),
우영마트 주차장,
창2동 4공영주차장(구),
가오천 노상공영(구),
예일주차장(민영),
강북종합-1,
노해로-1,
수유중앙-1,
벽산 노상공영(구),
벽산공영(구),
수유2동 주민센터,
정암빌딩 주차장,
가오리 공영주차장(구),
삼원주차장(민영),
인수동 주민센터(수유6동),
아카데미 노상공영(구),
통일교육원 주차장,
은평한옥마을(민영),
연서로-1,
노브랜드 은평진관점,
국민체육진흥공단 한국스포츠개발원,
노원로-1,
가재울 공영주차장(구),
한신동성아파트옆(구),
등나무근린공원(구),
홈플러스 중계점,
중계근린공원공영주차장(구),
동일로205길-1,
동일로205길-2,
삼익쇼핑센터 주차장,
수송초등학교 공영주차장(구),
NH농협은행 강북중앙지점 주차장,
천지빌딩 주차장,
한천로-7,
한천로-8,
강북구청,
구청앞(구),
대명주차장(민영),
수유3동 주민센터,
시범 공영주차장(구),
에피소드수유838,
현대크리스탈 주차장,
국립재활원 주차장,
구파발역 공영주차장(시),
롯데몰 은평점 주차장,
한국(민영),
노원을지대학교병원 주차장,
초안산로-1,
초안산로-2,
"강북구 보건소, 번2동 주민센터",
창3동 1공영주차장(구),
북부시장 고객주차장(민영),
덕릉로-6,
덕릉로-7,
덕릉로-8,
덕릉로-9,
나눔터길 노상공영(구),
한국마사회 강북지사,
덕릉로-1,
도봉로82길-1,
도봉로82길-2,
빨래골 노상공영(구),
색동공원공영주차장(구),
인수동공영주차장(구),
덕릉로-2,
화계주차장(민영),
인수봉로-1,
인수봉로-2,
진관동주민센터,
중부지구관리소(태릉),
한국원자력의학원,
LG전자베스트샵 노원본점,
희성프라자,
한천로-1,
한천로-2,
미아동공영주차장(구),
수유마을시장 공영주차장(구),
수유시장주차장(민영),
수유프라자,
쌈지유료주차장(구),
우리은행 미아역지점,
수유일공원공영주차장(구),
은혜공영주차장(무인)(구),
신도고등학교 주차장,
마들로-2,
광운대역 주차장,
이마트월계점,
노원자동차(민영),
번2동 공영주차장(무인)(구),
번동 햇살 주차장(구),
강북구청별관,
대양주차장(민영),
큰마을길(구),
냉천길 공영주차장(구),
롯데마트 삼양점,
삼양시장길 공영주차장(구),
구세군길 공영주차장(무인)(구),
미향주차장(민영),
삼양주차장(민영),
청암공영주차장(무인)(구),
서부침례교회 주차장,
연신내(민영),
새장골공영주차장(구),
연광초교지하공동주차장(구),
연신중학교지하공동주차장(구),
갈현1동공영주차장(구),
갈현1동문화의집,
갈현주차장(민영),
갈현1동 주민센터,
(구)북부지법주변(구),
화인화물주차장(민영),
공릉동도깨비-1,
마들로-1,
오케이파킹(굿랜드)(민영),
서울중앙교회,
한천로-4,
꿈의숲요양병원,
북서울꿈의숲,
북서울꿈의숲 서문주차장,
교육청길(구),
도봉세무서 주차장,
오패산공영주차장(구),
솔샘로-3,
솔샘로-4,
대지시장길 공영주차장(구),
동북주차장 상가전용주차장(민영),
삼양마을공원지하공영주차장(구),
현대셀프(민영),
솔샘로-1,
솔샘로-2,
수양(민영),
보건분소,
은평구립도서관 주차장,
Y타운 주차장,
남재빌딩 주차장,
범일빌딩 주차장,
서연빌딩 주차장,
은평문화주차장(민영),
회원빌딩 주차장,
연서-1,
갈현교회 주차장,
경산빌딩 주차장,
대영(민영),
청구성심병원외래(민영),
봉수대공영주차장(구),
아마노코리아 신내점 주차장,
봉화산역(남) 공영주차장(시),
홈플러스 신내점,
신내로-2,
원묵 고등학교 공용 지하주차장(구),
숙선옹주로 5공영(구),
묵중안공영주차장(구),
방병원,
석계역 공영주차장(시),
석계역앞(구),
장위1동동방고개공영주차장(구),
어울림소공원 공영주차장(구),
LG전자베스트샵 강북본점,
도봉로 15길 공영주차장(시),
솔샘빌딩 주차장,
송중동 주민센터,
한마음빌딩 주차장,
솔샘주차장(민영),
송천동공영주차장(구),
영신주차장(민영),
삼양로-5,
삼양로-6,
보국문로,
불광미성아파트 주차장,
OK주차장(민영),
대조(민영),
선교중앙교회,
갈현2동주민센터,
한솔아파트 주차장,
구산동 마을공원 지하공동주차장(구),
서오릉로-2,
서목주차(민영),
서울의료원 주차장,
신내로-1,
묵1동주민센터,
이마트 묵동점,
석관동주민센터,
성호(민영),
돌곶이시장-1,
한천로-3,
장위전통시장 공영주차장(구),
송중동 공영주차장(구),
송중동(임시)공영주차장(민영),
대광주차장(민영),
대성주차장(민영),
롯데백화점[미아점] 지하주차장,
숭인주차장(민영),
신세계 이마트미아점,
삼양로-2,
국민대앞북악주차(구),
평창동(구),
평창동 460-3(구),
너른(구.대륜)(민영),
비봉(구),
진흥로-2,
불광1동주민센터,
한국여성정책연구원,
(주)필파킹(민영),
동아(민영),
불광(민영),
오산 주차장,
은광교회 주차장,
한화생명 불광동사옥,
대조-1,
녹원(민영),
신성(민영),
영진빌딩 주차장,
구산동주민센터,
은빛주택 2호점,
서오릉로-3,
구산동 주민센터,
삼부그린스포츠센터 주차장,
삼부그린스포츠센터(민영),
신내제1동주민센터,
신아타운 주차장,
장연 주차장(민영),
중랑구청,
공유) 화랑마을 공영(구),
한국예술종합학교,
벤처빌딩 공영주차장,
화랑로-1,
덕신빌딩 제1주차장,
베누스타 주차장,
성북힐스테이트 주차장,
성북힐스테이트아파트,
현대백화점 미아점 주차장,
현대백화점 별관주차장(민영),
JR메디컬센터타워 주차장,
정릉동주차장(민영),
정릉시장공영주차장(구),
"보국문로11길,솔샘로6길-1",
서울기록원 부설주차장,
역전주차장(민영),
오산주차장(민영),
한국전력공사 서대문은평지사,
NC백화점 불광점 주차장,
진흥로-1,
선진 주차장,
은평평생학습관 주차장,
은평평화공원(구),
역말 공영주차장(구),
영빌딩 부설주차장,
주영주차장(민영),
대명프라자,
기아오토큐중화점(민영),
국일 주차장(민영),
나들목공영주차장(구),
중화(민영),
중화1동공영주차장(구),
중화제1동주민센터,
신호등 주차장(민영),
중화2동 66구간A(구),
삼거리주차장(민영),
이문2동주민센터,
중부지구관리소(의릉),
홈플러스 월곡점,
종암우림카이저팰리스 주차장,
안산부인과,
태창빌딩,
정릉 반석빌 전용 주차장,
중부지구관리소(정릉),
홍은1동 제4공영주차장(구),
녹번종합사회복지관,
은평구청 부설주차장,
은평세무서,
평암빌딩 주차장,
은평구청,
LG전자베스트샵 은평점,
원 주차장(민영),
이마트 은평점[은평이마트점],
진흥로 공영주차장(시),
응암로-1,
상운주차장(민영),
은평구청소면문화의집 신나는애프터센터,
러스크서울병원[망우동 4호점],
망우본동복합청사,
공유) 용마산로524 공영(구),
기성빌딩 주차장,
다이소 망우2호점,
대흥빌딩 주차장,
동국 노외 주차장(민영),
동부갯 공영주차장(구),
맛솜씨공영주차장(구),
성아빌딩 주차장,
용마프라자(상가.아파트),
우림시장 고객 주차장(민영),
우림시장공영주차장(구),
원동빌딩 주차장,
아주 주차장(민영),
이마트 상봉점,
코스트코 상봉점,
한국철도공사 수도권동부본부(망우역),
홈플러스 서울상봉점,
상봉유료주차장(민영),
파리유료주차장(민영),
중화2동 66구간B(구),
태능주차장(민영),
공유) 중화2동 11구간(구),
이경시장 공영주차장(구),
이문1동주민센터,
제일 주차장(민영),
성북문화재단 시네마부설주차장,
응암교회 주차장,
동아빌딩 주차장,
미성 프라임팰리스 주차장,
송원하이본오피스텔 주차장,
응암(민영),
은평로-1,
은평로-2,
증산로-2,
신사1동주민센터,
한성(민영),
대성 주차장(민영),
면일초등학교,
매화공영주차장(구),
상봉복개(구),
창원주차장/김장중(민영),
상봉로-1,
상봉로-2,
상봉2동공영주차장(구),
봉우재로-1,
봉우재로-2,
동부(민영),
상봉2동 복합청사,
세명(민영),
주막거리공영주차장(구),
중랑역사주차장(민영),
공유) 중화2동 21구간(구),
중화동(구),
휘경메디컬프라자,
휘경로-1,
휘경로-2,
삼성주차장(민영),
외대역주차빌딩 공영(구),
휘경1동주민센터,
회기동 공영주차장(구),
경희대학교,
동대문구 회기동 12-1(민영),
국민은행 주차장,
대은빌딩 주차장,
동선동주민센터,
태극당,
태극당주차장(민영),
서울북부청소년비행예방센터,
공유) 성북구 도담도담 주차장(구),
공유) 성북구 복사골 주차장(구),
공유) 성북구 심우장 주차장(구),
성북도원,
창의문로 관광버스 주차허용 구간(시),
부암유료주차장(민영),
석파정서울미술관,
홍제3동주민센터,
유진상가/인왕시장 앞(구),
은평병원 주차장,
응암2동주민센터,
한성교회 부설주차장,
신응암-1,
신응암-2,
민영주차장(민영),
응암3동 공동주차장(구),
증산로-1,
합동(민영),
서신초교지하공용 주차장,
늘봄주차장(구),
우리(민영),
동원시장공영주차장(구),
양지주차장(민영),
엠에스빌딩,
동원골목-1,
동원골목-2,
동원 유료주차장(민영),
면목천로 거주자우선주차장A(구),
면목천로 거주자우선주차장B(구),
면목천로 거주자우선주차장C(구),
면목천로 거주자우선주차장D(구),
모두모아주차장 / 김수용(민영),
면목2동 주차장(민영),
면목2동공영주차장(구),
면목2동주민센터,
중랑동부시장(구),
봉우재로-3,
공유) 면목2동 10구간(25~27)(구),
공유) 면목2동 10구간(59~61)(구),
면목초교주자창(구),
동부골목-1,
견인보관소(구),
휘경2동주민센터,
휘경유수지 공영주차장(구),
휘경유수지(구),
JS빌딩 주차장,
회기역 주변 노상공영주차장(구),
회기역주변 공영주차장(구),
 프리미어m회기 오피스텔,
경일빌딩 주차장,
민간 유료주차장(민영),
춘태타운,
회기동주민센터,
휘경마을 공영주차장(구),
중부지구관리소(영휘원),
회기로-2,
개운사 주차장,
돈암골(민영),
성북구청 주차장,
성신주차장(민영),
윤홍빌딩 주차장,
돈암동일하이빌 주차장,
동도빌딩 주차장,
삼선교(민영),
성북로-1,
올림픽기념국민생활관,
명륜1가공영주차장(구),
명륜동와룡주차장(구),
성균관대학교,
삼청공원앞(구),
유진상가앞(구),
홍제3구역 도시환경정비사업 추진위원회(민영),
홍제거주자노외(민영),
홍제견인보관소(구),
인왕시장앞(구),
삼일 주차장(민영),
삼일(민영),
서문교회 부설주차장,
신양(다솜)(민영),
플러스 주차장(민영),
플러스(민영),
장수주차장 A(민영),
장수주차장 B(민영),
홍성(민영),
하나로 주차장(민영),
영 주차장(민영),
은행나무공영주차장(구),
공유) 면목5동 14구간(구),
공유) 면목본동 22구간(구),
까치공원공영주차장(구),
녹색병원 주차장,
생기(민영),
면목천로-1,
면목5동공영주차장(구),
서울보호관찰소,
위치추적중앙관제센터,
배봉공영주차장(구),
서울시립대로-1,
동대문세무서,
청량리동 공영주차장(구),
청량리동 노외주차장(구),
청량리동주민센터,
약령시로-2,
약령시로=1,
홍릉로-1,
동서시장 식품 공영주차장(구),
정화여상 노상(구),
윤주빌딩타워주차장(민영),
정릉천변 공영주차장(구),
제기동주민센터,
약령시로-3,
제기로-1,
우신향병원 주차장(민영),
안암동주민센터,
하나스퀘어,
경동고등학교(구),
CGV대학로 고객 주차장,
대학로뮤지컬센터 주차장,
동숭인사이드 주차장,
불가마 주차장,
중원주차장(민영),
율곡로-2,
명광교회옆(구),
명륜빌딩 주차장,
명륜빌딩 주차장 (아마노)(민영),
성균관 유림회관(시),
제일(민영),
창경궁로-1,
자투리(민영),
공유) 삼청동주민센터 옆(구),
대화주차장(민영),
효자공영주차장(구),
효자로 관광버스 주차허용 구간(시),
자하문로-1,
신교공영(구),
자하문로-3,
자하문로-4,
세공주주차장(민영),
연세스포츠센터,
경남아파트 주차장,
매바위 공영주차장(구),
원아주차장(민영),
응암정보도서관,
인정병원주차장(민영),
대림-1,
유니온빌딩 주차장,
중앙하이츠 부설주차장,
증산동주민센터,
수색진흥아파트 주차장,
수색감리교회 주차장,
안정운수주차장(민영),
미디어케어라인(민영),
우리금융 상암센터 주차장,
성암로-1,
상암오밸리스크1차,
한국교통안전공단 상암검사소,
강서1주차장[개화나들목 앞],
한성 주차장(민영),
명성주차장(민영),
제일 2 주차장(민영),
동보주차장(민영),
면목유수지 공영주차장(시),
홈플러스 면목점 주차장,
장안2동주민센터,
제이앤지산 주차장,
전농주차장(민영),
평화주차장(민영),
롯데백화점 청량리점 주차장,
서울시립대로-2,
홍릉로-2,
BYC청량리오피스텔,
노브랜드 경동시장점,
동서시장 과일채소부 공영주차장(구),
경동-1,
동일주차장(민영),
서울약령시공영주차장(구),
세명유료주차장(민영),
정릉천복개 공영주차장(구),
한솔동의보감주차장(민영),
두산베어스타워,
낙산성곽 버스전용 주차장(구),
창신쌍용2지구 북측 이륜차 주차장(구),
한성대학교 주차장,
연주차장(민영),
유니플렉스 주차장,
GS타임즈 대학로(민영),
SJA빌딩 주차장,
대승(민영),
대학로 문화공간 주차장,
대학로 바탕골 주차장,
대학로스타시티빌딩 주차장,
대학로예술극장 주차장,
더브릭스빌딩 주차장,
동호(민영),
리트모빌딩 주차장,
서울대학교병원 고객 주차장,
예스24스테이지,
유리빌딩 주차장,
자유빌딩 주차장,
청민빌딩 주차장,
한국문화예술위원회 예술가의 집,
한국방송통신대학교 주차장,
황금주차장(민영),
아시아 주차장(민영),
창경궁관리소,
창경궁로1 관광버스 주차허용 구간(시),
창경궁로2 관광버스 주차허용 구간(시),
원서공원 앞(구),
현대빌딩,
도구로-1,
정독도서관,
청남문화원(민영),
화동(민영),
화동유료주차장(민영),
국립현대미술관 서울관,
대화(민영),
푸른기린(민영),
끄레아(민영),
자하문로-2,
필운대로 도미노피자앞 이륜차 주차장(구),
서대문구청 주차장,
홍은2동 주민센터,
남가좌2동 주민센터,
DMC우방아파트 주차장,
수색동공영주차장(구),
이마트 수색점,
SBS프리즘 타워주차장,
디디엠씨(DDMC) 주차장,
삼천리주차장(민영),
성암로 관광버스 주차허용 구간(시),
수색마트 주차장(수정주차장),
수정 주차장,
엠비씨 씨앤아이 파크엠(MBC C&I PARK M),
코레일네트웍스(주)수색(민영),
한국철도공사(수색역),
(주)우리기술 사옥,
CJ E&M 센터  주차장,
KGIT 센터 주차장,
누리꿈스퀘어 주차장,
상암 더팬빌딩 주차장[마포 상암점],
전자회관 주차장,
한국콘텐츠진흥원 상암분원,
마포청소년문화의집,
상암IT타워 주차장,
도로교통공단 서부운전면허시험장,
난지도길-1,
난지도길-2,
금낭화로-1,
금낭화로-2,
공유) 22-29(구),
용마폭포공원공영주차장(구),
제일1주차장(민영),
중곡초교(구),
장한로-4,
장안2동 공영주차장(시),
장안공원지하주차장(구),
장한로-3,
전농하우스토리 주차장,
전농로-1,
부군당길공영주차장(구),
전농1동주민센터,
LG전자베스트샵 용두점,
동대문구청,
홈플러스 동대문점,
공유) 용신동 B 98구간(구),
동대문베네스트어반라이프,
동의보감타워,
푸르지오시티,
서울동부병원,
용운빌딩,
 ABL생명빌딩 주차장,
갈비예찬(민영),
계명주차장(민영),
대경빌딩 주차장,
신설동제2주차장(민영),
롯데캐슬 뒤 이륜차 주차장(구),
종로63가길 이륜차 주차장(구),
창대교회 옆 이륜차 주차장(구),
공유) 창신동 49번~53번(창삼 제1공영주차장)(구),
낙산공영(구),
우성(민영),
창삼공영(구),
창신 주차장(민영),
창신1동공영주차장(창일공영)(구),
서울지방국세청효제별관(이륜주차장)(구),
예일빌딩 주차장,
이화공영(구),
동신(민영),
서울대학교치과병원,
여전도회관 주차장,
연지(민영),
이화(민영),
한국교회100주년기념관 주차장,
현대그룹 빌딩 주차장,
홍익대학교 대학로캠퍼스,
율곡로-1,
고궁주차장(민영),
보령빌딩 주차장,
신원남(민영),
창경궁로-2,
GS타임즈 익선동(민영),
고강(민영),
대하주차장(민영),
삼환빌딩 주차장,
안국역 4번출구 주차장(민영),
와룡주차장(민영),
익선(민영),
종로세무서,
창경(민영),
행복주차장(민영),
AJ파크 종로관훈(민영),
AJ파크 해영회관점(민영),
GS타임즈 경운(민영),
국원주차장(민영),
동덕빌딩 주차장,
서원빌딩 주차장,
우정국로-1,
우정국로-2,
경복궁 주차장,
서울지방국세청,
수송스퀘어 주차장,
연합뉴스빌딩,
열린마당(구),
케이트윈타워,
트윈트리타워 주차장,
경복궁역 이륜차 주차장(구),
경희궁의아침 2단지 주차장,
광화문 플래티넘 오피스텔 주차장,
노스게이트빌딩 주차장,
러닝웨이코리아 주차장,
사직로1 관광버스 주차허용 구간(시),
사직로2 관광버스 주차허용 구간(시),
삼원(민영),
우진빌딩 주차장,
적선동 주차장(시),
적선현대빌딩 주차장,
토속촌(민영),
파크팰리스 주차장,
한국생산성본부,
MYCJ(민영),
광화문 풍림스페이스본1차,
사직로3 관광버스 주차허용 구간(시),
서대문형무소역사관,
세란병원 주차장,
서대문자연사박물관 주차장,
연희로32길-1,
연희동 주민센터,
모래내로 관광버스 주차허용 구간(시),
모래내로-1,
한국철도공사(DMC역),
한샘상암 주차장,
상암1 공영주차장(구),
서서울농협 DMC첨단주차타워 주차장,
DMC 이안상암1단지,
DMC 이안상암2단지 주차장,
KBS미디어센터 주차장,
마포 창업복지관 주차장,
산학협력연구센터 주차장,
서울 SFLEX 주차장,
난지천공원2,
방화역(동) 공영주차장(시),
방화역(서) 공영주차장(시),
개화역 공영주차장(시),
강일경서프라자 주차장,
성산타워2 주차장,
강일성산타워 주차장,
중곡3동공영주차장(구),
동일로-2,
일미주차장(민영),
장안1동 공영주차장(시),
장한로-1,
장한로-2,
동답 공영주차장(구),
답십리2동 노외주차장(홍약국옆)(구),
답십리1동주민센터,
삼희상가주변(구),
신답고가 주변(구),
공유) 04-16(구),
공유) 04-17(구),
거주자우선주차장(구),
마장축산물시장 서문(건물) 공영주차장(구),
마장축산물시장(건물) 공영주차장(구),
서울(민영),
공유) 04-01(구),
공유) 04-02(구),
공유) 04-03(구),
공유) 04-04(구),
공유) 04-23(구),
마장동(건물) 공영주차장(구),
벽송유료주차장(민영),
성동구도시관리공단 주차장,
청계주차장(구),
청계천박물관 주차장,
공영주차장(구),
동대문구 용두동 129-6 ,
청계8가(남) 공영주차장(시),
청계8가(북) 공영주차장(시),
청계벽산아파트상가 주차장,
청계천 주변(구),
하왕십리동286-138 노상주차장(구),
경해빌딩,
고향주차장(민영),
공유) 황학동(구),
삼송빌딩주차장,
상왕십리동 12-46 노상주차장(구),
상왕십리동12-49 노상주차장(구),
신설동 공영주차장(시),
신설동지웰홈스,
원할머니보쌈 본점주차장,
원할머니보쌈 본점주차장(민영),
재원(민영),
천일 (민영),
천일(민영),
청계7가 공영주차장(시),
텐즈힐몰 주차장,
황우회주차장(민영),
황학동 원할머니보쌈 사옥,
갈비예찬 (대승 주차장)(민영),
대성(민영),
동묘공영(구),
동묘공영주차장(구),
동일상가아파트 이륜차 주차장(구),
롯데캐슬 베네치아 주차,
베네치아메가몰주차장,
보루네오(민영),
보르네오(민영),
숭인빌딩(민영),
제일주차장(민영),
진선(민영),
창일 주차장(민영),
창일(민영),
청계8가 공영주차장(시),
화원 주차장(민영),
화원(민영),
흥신주차장(민영),
GS타임즈 동묘 주차장(민영),
강원(민영),
독일(민영),
동대문호텔 주차장(민영),
동문(민영),
맑은내길 노상공영주차장(구),
삼성 주차장(민영),
삼성(민영),
쉘톤빌딩 민영 주차장,
유료창신주차장(민영),
종로구구민회관，보건소통합청사,
창신(민영),
창신교회,
청계6(동평화) 공영주차장(시),
청계6(북) 공영주차장(시),
청계6(신평화시장앞) 공영주차장(시),
청계6(청평화) 공영주차장(시),
금미주차장(민영),
낙산성곽길 이륜차 주차장(구),
동대문쇼핑타운,
동문 주차장(민영),
동승(민영),
방주주차빌딩(민영),
서울디자인재단 본관 주차장,
종로40길 이륜차 주차장(구),
종로6가주차장(민영),
중앙성결교회,
청계5(남) 공영주차장(시),
청계5(방산동) 공영주차장(시),
청계5(북1) 공영주차장(시),
청계5가 공영주차장(시),
한덕빌딩 주차장,
광장주차장(민영),
대호빌딩B동 주차장,
두산아트센터 주차장,
서울보증보험 주차장,
연지주차장(민영),
우리은행ATM 종로5가지점,
종로 에이스(민영),
청계3(남) 공영주차장(시),
청계3(북1) 공영주차장(시),
청계5(동호로_북) 공영주차장(시),
한국 기독교 회관,
한국기독교연합회관 주차장,
김상옥로-1,
김상옥로-2,
동호로-3,
동순라길(종묘) 관광버스전용 주차장(시),
세운상가밑(구),
세운스퀘어 주차장,
아르젠종로,
종로플레이스 주차장,
종묘주차장 공영주차장(시),
청계3(창경궁로_북1) 공영주차장(시),
하나손해보험빌딩 주차장,
국일관 드림펠리스,
낙원주차장(민영),
서울극장,
지상낙원주차장(민영),
청계2(돈화문로) 공영주차장(시),
탑골공원 관광버스전용 주차장(시),
한일(민영),
94빌딩,
GS타임즈 인사(S&S)(민영),
건국빌딩(민영),
경일(민영),
대승주차장(민영),
두산위브파빌리온 주차장,
서인사마당(구),
센트로폴리스,
아시아주차장(민영),
우정에쉐르,
종각(구),
종로(민영),
종로타워 주차장,
하나로빌딩 옆(구),
하나투어빌딩,
관정빌딩 주차장,
교보생명 본사사옥[광화문 5호점] ,
그랑서울 주차장,
서린(민영),
서린민영주차장,
서울글로벌센터 공영주차장(시),
알파빌딩,
종로구청,
지타워 주차장,
한국광해관리공단 경인지사,
황소(민영),
NPD 크레센도 빌딩 주차장,
S타워,
경희궁의아침 4단지 주차장,
고려(민영),
광화문빌딩(구),
광화문오피시아빌딩,
세종로 공영주차장(시),
세종빌딩 주차장,
센터포인트 주차장,
신문로 공영주차장(구),
포시즌스호텔 주차장,
서울시교육청주차장,
서울역사박물관,
경희궁자이4단지 주차장,
부귀빌딩 주차장,
영락농인교회,
경희궁자이1단지아파트,
경희궁자이2단지아파트,
천연동주민센터,
독립문공원길,
성산로-2,
이진아 기념도서관,
모래내-1,
성공타워,
문화비축기지주차장,
난지중앙로노상공영주차장(시),
노을공원 주차장,
난지4주차장[캠핑장],
가양라이품 공영주차장(시),
서울식물원 제1주차장,
서울식물원 제2주차장(구),
방신시장 고객주차장(구),
 국민은행 방화지점 주차장,
 양서빌딩 주차장,
남도주차장(민영),
롯데슈퍼프레시 개화산점,
방산재래-1,
개화산역 공영주차장(시),
벽산에어트리움 주차장,
강일동주민센터 주차장,
강일타워,
중앙프라자 주차장,
천호2동제2(구),
강일동 주민센터,
강일동 주차장(구),
알에프텍사옥,
일화고덕비즈밸리,
국립정신건강센터,
실로암사우나 중곡점 주차장,
중곡문화체육센터,
중곡3동주민센터,
중마주차장(민영),
도우빌딩,
서희스타힐스아파트,
신일피혁주변(구),
장안1동주민센터,
장안주차타워,
케이타워,
한강훼미리아파트,
노브랜드 동대문장안점,
답십리 부품상가 노상(구),
답십리2동주민센터,
장안1동(군자유치원) 노외주차장(구),
장안보성연립노상주차장(구),
한천로-9,
중산공영주차장(구),
창세주차장(민영),
평화빌딩 주차장,
성동구립용답도서관,
장영당길 공영주차장(구3동)(구),
공유) 04-15(구),
공유) 04-18(구),
공유) 04-19(구),
공유) 04-50(구),
공유) 04-55(구),
공유) 05-09(구),
공유) 20-21(구),
마장동거주자우선주차장(구),
마장로-1,
공유) 04-12(구),
공유) 04-14(구),
공유) 04-49(구),
마장역주차장(민영),
마장축산물시장 남문(구),
엠디빌딩 주차장,
마장로-2,
공유) 03-01(구),
공유) 03-06(구),
공유) 03-07(구),
공유) 03-15(구),
공유) 04-24(구),
공유) 06-22(구),
대한불교진각종밀각심인당 주차장,
마장동 공영주차장(시),
홍익동(건물) 공영주차장(구),
공유) 03-10(구),
공유) 03-14(구),
도선동(지하) 공영주차장(구),
센트라스상가 주차장,
DUO302,
로얄주차장(민영),
마블플레이스 오피스텔 ,
센트라스153타워 주차장,
센트라스상가A동 주차장,
신당역올리브2오피스텔,
신영빌딩 주차장,
중구종합복지센터 공영주차장,
중구종합복지센터 공영주차장(구),
중앙시티빌,
텐즈힐1단지상가 주차장,
한양 I Class 주차장,
헤세드빌딩,
성동공고 공영주차장(구),
신당사거리 공영주차장(구),
신당역 공영주차장(구),
신중앙주차장(민영),
연풍주차장(민영),
우일타운,
청계천두산위브더제니스상,
황학어린이공원 지하주차장(구),
DDP 유어스빌딩 앞 관광버스 주차허용 구간(시),
DDP동측(양쪽) 관광버스전용 주차장(시),
DDP북측 마장로 관광버스전용 주차장(시),
Studio W 주차장,
경찰공제회 신당동 무궁화회관,
광희패션몰 주차장,
국민은행 신당동점 주차장,
남평화시장(구),
누죤빌딩,
동대문 공영주차장(시),
동대문비즈센터앞 이륜차 주차장(구),
동대문패션비즈센터 주차장,
디오트,
맥스타일 오피스텔 주차장,
아트프라자 주차장,
충무아트홀,
카카오T주차,
혜양엘리시움 주차장,
퇴계로-1,
APM플레이스 앞 관광버스 주차허용 구간(시),
공유) 국립중앙의료원(구),
구민회관앞 이륜차 주차장(구),
국립중앙의료원,
굿모닝시티쇼핑몰,
동대문두산타워 주차장,
동대문디자인플라자(DDP) 주차장,
롯데피트인,
밀리오레 주차장,
에이피엠 플레이스 패션몰,
중앙의료원옆 이륜차 주차장(구),
헬로우APM 주차장,
현대백화점 현대시티아울렛 동대문점,
훈련원공원 옆(구),
(주)우리은행 오장동지점,
나인트리호텔,
뉴천지 관광호텔(민영),
뉴천지호텔주차장,
뉴천지호텔주차장(민영),
대성을지로오피스텔,
미래산업,
방산종합상가 A/B동,
방산지하주차장(민영),
백천주차빌딩(구 경일주차장)(민영),
삼성골드캐슬,
을지로 공영주차장(시),
정건벨라지오오피스텔,
중부주차장,
청계3(동호로) 공영주차장(시),
청계5(동호로_남) 공영주차장(시),
트레블로지동대문호텔,
훈련원공원 공영주차장(시),
훈련원공원 앞 관광버스 전용 주차장(시),
중부-1,
공유) 삼풍상가3구간 3-01면(장애인전용)(구),
공유) 삼풍상가3구간(02~12)(구),
공유) 삼풍상가4구간 4-22면(장애인전용)(구),
공유) 삼풍상가4구간(18~21)(구),
공유) 삼풍상가4구간(23~26)(구),
배오개길 공영주차장(시),
베스트웨스턴호텔국도,
삼풍넥서스빌딩,
서울주차장(민영),
서일주차장(민영),
성업주차장,
세운 나 주차장(민영),
세운대림상가(동측)(구),
세운대림상가(서측)(구),
오일관광(주)호텔 피제이,
원일주차장(민영),
을지트윈타워 주차장,
중앙데코프라자,
청계2(북1) 공영주차장(시),
청계2(북2) 공영주차장(시),
청계3(창경궁로_남) 공영주차장(시),
하이그린파킹 을지로3가점(민영),
DB손해보험주차장		,
관수(민영),
나라키움저동빌딩,
돈화문로 공영주차장(시),
롯데시티호텔 명동 주차장,
비즈센터,
삼성유료주차장,
서울 백병원,
세종주차장(민영),
센츄럴관광호텔 주차장,
수표주차장(민영),
시그니쳐타워 주차장,
신한L Tower,
씨네코아 주차장,
우리주차타워주차장(민영),
을삼 주차장(민영),
제이매크로 타워,
청계1(북) 공영주차장(시),
청소년회관 뒤 노상 공영주차장(구),
크리스탈스퀘어 주차장,
트레블로지 호텔,
파인에비뉴,
평남주차장(민영),
효봉빌딩,
마른내로-1,
(주)KEB하나은행 본점,
DGB금융센터,
SKT타워 주차장,
관철동 공영주차장(시),
교원명동빌딩 주차장 ,
그레이스청계 유료주차장(민영),
내외빌딩	,
대신주차장(민영),
동국제강 공영주차장(시),
미래에셋센터원 주차장,
삼화타워,
서울YWCA회관,
유안타증권	,
을지 한국빌딩,
전국은행연합회관,
종로1번가,
중소기업은행,
중소기업은행 IFT타워,
페럼타워,
하나금융그룹		,
한국관광공사 옆(구),
한국스탠다드차티드은행빌딩,
"한화빌딩, 장교빌딩",
공유) 다동(구),
광일주차장(민영),
뉴국제호텔 앞(구),
다동 IOT 공유주차장(구),
다동공원 제4부지 공영주차장(구),
다동쉼터(구),
더익스체인지서울,
더존을지타워 주차장,
부림빌딩,
샌터플레이스	,
서울시청 본청사 주차장,
서울파이낸스빌딩,
서울파이낸스센터,
세종대로1 관광버스 승하차 허용 구간(시),
세종대로2 관광버스 승하차 허용 구간(시),
시그너스빌딩	,
예금보험공사,
케이스퀘어시티빌딩,
코리아나호텔 주차장,
코오롱빌딩 옆(구),
프레지던트호텔,
프리미어플레이스 주차장,
한국관광공사 서울센터		,
한국정보사회진흥원,
한국주차장(민영),
한국프레스센터주차장,
효령빌딩,
대한성공회 서울대성당,
이화여자고등학교,
이화정동빌딩주차장,
정동빌딩,
정동주차장(민영),
D타워 돈의문 주차장,
강북삼성병원 주차장,
"경향신문사 본관,별관",
대한적십자사 서울병원,
동양빌딩,
바비엥2오피스텔,
서울지방국토관리청 국토발전전시관,
이화여고 앞(구),
이화외국어고등학교,
청양빌딩,
프란시스꼬교육회관주차장,
대한감리교신학대학 주차장,
동명주차장(민영),
충현동 제1공영주차장(구),
통일로,
성산로-1,
연희사러가쇼핑센터앞(구),
GS타임즈 연희동 민영(민영),
웅산빌딩 주차장,
연희동 자치회관,
성산로 관광버스 주차허용 구간(시),
상암월드시티,
마포구청(마포구종합행정타운),
마포농수산물시장 공영주차장[마포구청역 1호점],
서울월드컵경기장,
한국교통안전공단 성산검사소,
홈플러스 월드컵점,
평화의공원,
난지천공원,
강서로74길-1,
마곡대방디엠시티2차,
강서구 마곡동 760-1 ,
신방화역 공영주차장(시),
용정주차장(민영),
방화대로-3,
김포국제공항 국제선 지하주차장,
큐브타워 주차장,
강동구 고덕동 226-4 ,
샘터 배드민턴,
고덕동514 주차장(민영),
보건복지행정타운,
중곡복개천 공영주차장(B)(구),
중곡복개천 공영주차장(구),
경동 주차장(민영),
중곡1동주민센터,
중곡시장주차장(구),
경륜경정 장안지점 주차장,
광문주차장(민영),
덕원주차장(구),
동대문소방서노상(구),
두봉상가 주차장,
장한평자동차시장 노상공영주차장(구),
대신(민영),
대우(민영),
사이버모터스(민영),
현대(민영),
(주)캘빈주차장(민영),
공유) 20-11(구),
공유) 20-13(구),
공유) 20-14(구),
공유) 20-15(구),
공유) 20-33(구),
공유) 20-34(구),
용답동거주자우선주차장(구),
용답제2(평면) 공영주차장(구),
지구(민영),
공유) 20-23(구),
공유) 20-26(구),
용답 어울림 공영주차장(구),
용답동(건물) 공영주차장(구),
공유) 05-08(구),
사근동공공복합청사,
사근주차장(민영),
공유) 04-20(구),
공유) 04-22(구),
마장국민체육센타,
 코스모타워 주차장,
경진주차장,
공유) 02-08(구),
공유) 03-20(구),
공유) 06-05(구),
다남매타워 주차장,
삼성민영주차장(민영),
성동구청 주차장,
성동삼성쉐르빌아파트 주차장,
성동유료주차장,
왕십리 민자역사 비트플렉스몰 ,
케이타워 주차장,
한동타워 주차장,
성동구청,
공유) 02-07(구),
동인레반트오피스텔 주차장,
리오파크오피스텔 주차장,
왕십리(민영),
유성빌딩 주차장,
일신민영주차장(민영),
성동 고등학교 공영주차장(구),
공유) 동화동 07(003~012구간)(구),
공유) 신당5동 06(001~014구간)(구),
동산빌딩 주차장,
동원빌딩 주차장,
동화동 공영주차장(구),
공유) 광희동 01(014~019구간)(구),
성완빌딩 유료주차장,
신당동 공영주차장(구),
신당동 주민센터,
흥인초등학교,
다산로-2,
M타워,
공유) 광희동 01(001~007구간)(구),
광희빌딩,
봉우빌딩,
영빈호텔,
장충주차장(민영),
토탈주차장(민영),
파크원빌 주차장,
평안빌딩부설주차장,
혜인빌딩,
마른내로-3,
장충단로-1,
퇴계로-2,
 장충단교회교육단,
광암라이피아,
남산센트럴시티투웨니퍼스트오피스텔,
넥서스타워,
마른내길 이륜차 주차장(구),
마른내로 공영주차장(시),
묵정공원지하 공영주차장(구),
묵정주차장(민영),
삼우주차장(민영),
쌍림빌딩,
쌍림빌딩 전용 주차장,
씨제이제일제당센터,
오장동함흥냉면,
인쇄정보센터,
제일병원 주차장,
제일주차장,
중구 충무로5가 52-25 ,
충무로엘크루메트로시티2,
충무주차장(민영),
태광산업,
한림빌딩 주차장,
호텔스카이아파트동대문1호점,
동호로-2,
 필빌딩,
공유) 삼풍상가3구간(14~17)(구),
공유) 진양상가1구간 1-01면(구),
공유) 진양상가1구간 1-02면 (장애인전용)(구),
공유) 진양상가1구간(03~05)(구),
공유) 진양상가2구간(14~16)(구),
공유) 진양상가2구간(18~22)(구),
기종빌딩	,
남산센트럴뷰스위트,
노컬스티치호텔,
대평빌딩,
대한극장전용주차장,
동국대학교 충무로 영상센터,
마른내길 공영주차장(시),
명보아트홀(명보빌딩),
스카라주차장(민영),
스테이락호텔,
일흥빌딩,
중구 필동3가 16-2 ,
중구청	,
진양상가 주차장,
진양상가노상공영주차장(구),
충무로주차장(민영),
필동빌딩,
하이파킹 행복유료주차장(민영),
헤센스마트,
NAMSAN SQUARE(남산스퀘어),
공유) 명동 08(001~003구간)(구),
구산주차장(민영),
나라키움 중부세무서,
나인트리프리미어호텔명동2,
노랑풍선빌딩,
대한적십자사,
라이온스주차장(민영),
세종주차타워,
세종주차타워(민영),
스타빌딩,
씨티센터타워 주차,
아시아미디어빌딩,
엘크루 메트로시티,
영락빌딩,
은광빌딩,
조양빌딩별관,
조양빌딩신관 주차장,
지중해빌딩		,
초동 공영주차장(구),
평화빌딩,
한올주차장,
호텔더블에이,
마른내로-2,
L7명동호텔,
고려대연각센터빌딩,
눈스퀘어 주차장,
르메르디앙 서울 명동 ,
명동밀리오레 주차장,
명동아르누보센텀 주차장,
명동증권빌딩		,
서울로얄호텔 에이동		,
서울중앙우체국,
스카이파크호텔3	,
스카이파트호텔,
신일빌딩별관		,
신일주차장(민영),
엠마오주차장(구 명동주차장)(민영),
이비스엠버서더명동	,
중앙우체국옆 이륜차 주차장(구),
하이해리엇		,
현대해상화재보험 명동사옥,
OCI빌딩 주차장,
극동빌딩,
남대문 메사빌딩,
남대문 화물 공영주차장(시),
남대문시장2번게이트앞 이륜차 주차장(시),
남대문시장3번게이트 이륜차 주차장(시),
남대문시장알파문구앞 이륜차 주차장(시),
남대문시장자유상가앞 이륜차 주차장(시),
롯데백화점 주차타워,
롯데호텔 롯데백화점,
백영북창빌딩,
삼정주차장(민영),
세종대로3 관광버스 승하차 허용 구간(시),
소공동우체국,
신세계백화점 본점(신관),
우성빌딩 주차장,
원주차장(구.행복주차장)(민영),
웨스틴조선호텔		,
조선호텔 앞(구),
코리야드메리어트 서울남대문,
한국빌딩,
한국은행전용주차장,
한화생명 소공동사옥,
한화생명 태평로사옥,
해남2빌딩,
해운센터 앞(구),
호텔 더스프라지르,
흥국생명빌딩,
AIA 타워 주차장,
ENA센터 주차장,
동화빌딩 주차장,
배재정동빌딩,
삼성생명 서소문빌딩 주차장,
삼성에스원빌딩,
서소문 시티스퀘어,
서소문삼성생명뒤(구),
서소문올리브타워 옆(구),
서소문올리브타워옆 공영주차장(구),
서소문주차장(민영),
서영빌딩,
서울상공회의소,
서울시립미술관 서소문본관 부설주차장,
서울시청 서소문청사 부설주차장,
순화타워,
순화타워 주차장,
아이엔지센터,
알라딘빌딩,
유원빌딩,
정안빌딩 주차장,
퍼시픽타워 주차장,
KT&G 서대문 타워 주차장,
덕수궁롯데캐슬 ,
바비엥-1,
바비엥빌딩,
브라운스톤서울,
서소문성지 역사박물관 주차장,
센트럴타워,
센트럴플레이스,
케이지타워 주차장,
프레이저플레이스센트럴서울,
서소문로-1,
국민연금공단 주차장,
동아일보사 충정로사옥,
진양빌딩 주차장,
공민주차장(민영),
합정주차장(민영),
북아현 문화체육센터,
이화여자 대학교,
신촌 연세의료원,
연세대학교,
연남 유료 주차장(구),
연남노상공영주차장(구),
영진주차장(민영),
마포중앙도서관 공영주차장(구),
마포클레세오피스텔,
성산1동주민센터,
성산2-1 공영주차장(구),
아트센타,
망원2동주민센터,
"난지공원1, 2, 3주차장",
가양3동 황금내공원길(구),
가양상가,
금부빌딩,
영보빌딩 공영주차장(시),
이스타빌1차,
꿈나무길 노상공영주차장(구),
어위쉬 예다인,
홈플러스 가양점,
등촌3동 구암길(구),
리더스애비뉴 마곡,
삼보주차장(민영),
호서프라자빌딩,
마곡테크노타워1차,
에이스프라자 주차장,
노브랜드 강서마곡점,
마곡GMG타워 주차장,
강서세무서 주차장,
강서세무서,
공항주차장(민영),
로얄스퀘어호텔 주차장,
씨티주차장(민영),
우리은행 공항동지점 주차장,
중앙장례식장 주차장,
롯데백화점 김포공항점 주차장,
김포국제공항 국제선 주차빌딩,
한국공항공사 주차장,
(주)서울금성(민영),
강일타워 주차장,
민속의 집 주차장(구),
고덕평생학습관 주차장,
온조대왕문화체육관 주차장,
강동구 고덕동 691-6 ,
고덕더몰상가 주차장,
그린빌딩 주차장,
대한인터내셔널주차장(민영),
서울암사동유적 주차장(시),
선사주차장(민영),
소은빌딩 주차장,
현대주차장(민영),
신성시장 노상(구),
신성시장길공영노상주차장(구),
중곡4동주민센터,
국민은행 중곡동지점 노외공영주차장(민영),
LG전자베스트샵 광진본점,
공영빌딩 주차장,
광진구 능동 222-7 ,
달빛주차장,
스테이더디자이너스군자오피스텔 주차장,
영창빌딩 주차장,
젬스빌딩 주차장,
중곡2동주민센터,
공유) 19-19(구),
공유) 19-20(구),
공유) 05-10(구),
공유) 05-04(구),
공유) 05-05(구),
노브랜드 엔터식스한양대점,
서울숲더샵아파트 주차장,
(주)동남모터스 주차장(민영),
공유) 06-02(구),
공유) 06-11(구),
동남주차장(민영),
레몬프라자,
서울숲리버뷰자이아파트상가,
성동구립도서관,
행당로-4,
공유) 02-06(구),
공유) 02-10(구),
롯데마트 행당역점,
하왕십리(건물) 공영주차장(구),
대현산배수지 주차장(구),
동산 공영주차장(구),
공유) 청구동 05(001~013구간)(구),
문화공영주차장(구),
약수빌딩 주차장,
청구 공영주차장(구),
한판,
신라호텔,
장충체육관 주차장,
청화빌딩 주차장,
동호로-1,
공유) 장충동 10(005~009구간)(구),
동국대학교,
소피텔엠버서더,
앰배서더서울 풀만 호텔,
장충 공영주차장(구),
공유) 필동로(구),
남산한옥마을 공영주차장(시),
새움빌딩,
서울캐피탈빌딩,
세정IT빌딩,
실로암,
중구 필동2가 105-3 ,
중구 필동2가 118-0 ,
중구통일회관,
티앤에스빌딩,
필동 공영주차장(구),
남산예장 관광버스전용 주차장(시),
"서울유스호스텔,서울종합방재센터",
소방재난본부,
오리엔스호텔,
 프린스호텔별관,
남산동 공영주차장(구),
남산소파길 공영주차장(시),
남산케이블카 공영주차장(시),
대창빌딩,
라루체 웨딩홀,
삼양빌딩,
스테이트타워남산,
쌍용남산플래티넘,
아일주차장(민영),
중구 남산동2가 13-1 ,
중구 남산동2가 15-11 ,
중구 남산동2가 32-3 ,
퍼시픽호텔 부설주차장,
퍼시픽호텔 전용 주차장,
프라임타워,
211번지 노외주차장(민영),
경동장,
남대문시장연세상가앞 이륜차 주차장(시),
남대문시장주차장(민영),
남대문파출소,
남산공원 소파로 관광버스전용 주차장(시),
남산돈가스,
남정빌딩,
남창동 남선빌딩,
동아주차장(민영),
레스케이프호텔,
부원주차장(민영),
삼선빌딩	,
삼익패션타운,
신세계면세점 명동점 앞 관광버스 승하차 허용 구간(시),
우리은행본점,
우성주차장(민영),
일신교회주차장,
코코종합상가 주차장,
피크닉,
회현동새마을금고,
남대문-1,
남대문로-2,
HSBC빌딩,
WISE TOWER,
가네트주차장,
국제화재빌딩 옆(구),
그랜드 센트럴 빌딩,
남대문 시장 관광버스전용 주차장(시),
남대문 초입 관광버스전용 주차장(시),
남대문피혁상가 남측(구),
남문주차장 (민영),
단암빌딩 옥외주차장,
대우재단빌딩 주차장,
메트로타워 주차장,
순화동포스코더샵,
시티파크,
연세봉래빌딩 주차장,
한진면세점 앞(구),
서울역서부 주차장,
실로암주차장(민영),
이화빌딩,
중림동 실로암빌딩	,
중림종합복지센터 부설주차장(구_중림(제5))(시),
중림종합복지센터 주차장,
중앙미디어센터,
하이파킹 서울역 주차장,
한국경제신문사빌딩 주차장,
공유) 중림동 11(001~009구간)(구),
공유) 중림동 11(010~020구간)(구),
종근당빌딩 지상주차장,
충정타워빌딩 주차장,
신촌로-1,
대흥2구역 공영주차장(구),
캠프21오피스텔 주차장,
이대역 스타게이트2차,
CGV신촌 아트레온 주차장,
VERTIGO 주차장,
부자됩니다(민영),
부자유료주차장(민영),
신촌민자역사 주차장,
신촌포스빌 주차장,
창천교회 백주년기념관 주차장,
창천교회 주차장,
창천교회 주차장(민영),
피델리아 주차장,
홈런주차장(민영),
신촌로-2,
거촌빌딩 주차장,
농협신촌복합빌딩 주차장,
명신주차장,
테라운드빌딩 주차장,
현대백화점 신촌점,
현대백화점 유플렉스 주차장,
신촌파랑고래,
LG전자베스트샵 동교점,
공유) 9-88(구),
동교3공영주차장(구),
동교노상공영주차장(구),
쓰리알유시티 주차장,
애경타워 주차장,
DBM빌딩 주차장,
LG펠리스빌딩 주차장,
금화빌딩 주차장,
마젤란21 오피스텔 주차장,
삼성디지털프라자 홍대점 주차장,
새물결노상공영주차장(구),
유림빌딩 주차장,
지남빌딩,
청하빌딩 주차장,
파라다이스텔 주차장,
하이파킹 좋은사람들빌딩 주차장,
삼성유료주차장(민영),
아만티호텔 서울,
청기와 유료 주차장(구),
마포로얄프라자 주차장,
청기와노상공영주차장(구),
홍익대학교제3기숙사,
동성빌딩 주차장,
마포 영화 블렌하임 주차장,
망원노외주차장(구),
망원시장노상공영주차장(구),
월드컵시장노상공영주차장(구),
망원 유료 주차장(구),
망원1-1 공영주차장(구),
망원2-1 공영주차장(구),
망원교회 부설 주차장,
망원노상공영주차장(구),
가양3동 공영주차장(시),
증미역 주차장(민영),
가양역 더스카이밸리5차 지식산업센터,
강변샤르망1단지,
강변샤르망2단지,
강변샤르망3단지,
경동미르웰한올림 주차장,
더브리티시몰,
홈플러스 강서점,
공항대로45길-1,
KBS스포츠월드,
VIPS프리미어 등촌점,
강서구 개화동 235-1 ,
NC 강서점,
공항컨벤션웨딩홀,
더퍼스트스테이호텔 주차장,
마곡사이언스파크뷰 주차장,
베뉴지웨딩,
퀸즈파크나인 주차장,
마곡8 임시 주차장(구),
마곡NY타워 주차장,
마곡센트럴타워1차,
마커스빌딩 주차장,
센테니아 주차장,
에이스타워 마곡 주차장,
엠펠리체호텔 주차장,
열린M타워,
류마타워2차,
마곡테크노타워2 주차장,
메트로비즈타워,
홈앤쇼핑 주차장,
힐스테이트에코마곡역 주차장,
SB타워3 주차장,
공항2임시(구),
방화로 공영주차장(시),
방화대로-1,
방화대로-2,
김포국제공항 국내선 제2주차장,
김포국제공항 국내선 제1주차장,
강동주차장(이오운송)(민영),
강일골드프라자2 주차장,
강동경희대학교병원,
강동아트센터 주차장,
 하나은행,
KMC빌딩,
공유) 주양쇼핑앞 주차장(구),
명성프라자 주차장,
명일동 공영주차장(시),
명일씨티코아 주차장,
양지빌딩 주차장,
엔피타워 주차장,
은현빌딩 주차장,
이마트 명일점,
이마트명일점 별관 주차장,
주양쇼핑빌딩 주차장,
주양쇼핑앞 노상주차장(구),
주양쇼핑옆 노상주차장(구),
현대델리안오피스텔 주차장,
GS더프레시명일점 주차장,
강동롯데캐슬퍼스트상가 주차장,
상일빌딩 주차장,
시온캐슬 주차장,
암사3동주민센터 주차장,
볕우물 공영주차장(시),
암사1동 주차장(구),
오성빌딩 주차장,
한일주차장(민영),
암사한우 부설주차장,
암사종합-2,
학산코스모스텔,
구의2동 주택가 공영주차장(구),
그랜드파크오피스텔 주차장,
대공원유료주차장,
신성시장길노상공영주차장(구),
하나은행아차산역점 주차장,
광명빌딩 주차장,
어린이대공원(후문),
행복(민영),
공유) 능동 IoT 공유주차장(구),
공유) 능동로24길 IoT 공유주차장(구),
능동공영주차장(구),
메가박스 군자 주차장,
삼일빌딩 주차장,
동원주차장(민영),
리스빌딩 주차장,
지온270 주차장,
거주자노외주차장(구),
공유) 19-04(구),
공유) 19-12(구),
살곶이(평면) 공영주차장(구),
공유)  성동 06-23(구),
공유) 08-10(구),
대림종합상가 주차장,
공유) 07-05(구),
공유) 08-01(구),
공유) 08-02(구),
공유) 08-03(구),
공유) 08-11거주자노외(구),
공유) 08-12(구),
응봉동(건물) 공영주차장(구),
공유) 09-05(구),
벽산하이피아프라자 별관,
성동구금호분소,
성동구립금호도서관,
공유) 10-01(구),
공유) 10-02(구),
공유) 10-05(구),
금호초등학교,
로터리주차장(민영),
신금호파크자이아파트 상가동,
신당동빌딩,
약수동 공영주차장(구),
약수주차장(민영),
톰캣프라자,
다산로-4,
공유) 다산동 03(001~055구간)(구),
다산동 공영주차장(구),
선일주차장(민영),
임시주차장,
충현 공영주차장(구),
다산아트 공영주차장(구),
문화체육관광부 국립중앙극장,
상진지오빌,
중구 예장동 1-138 ,
중구 예장동 1-139 ,
중구 예장동 1-146 ,
중구 예장동 1-164 ,
중구 필동2가 84-55 ,
서울시청 남산별관,
남산파출소 공영주차장(시),
남산파출소공영주차장(시),
소파로케이블카앞 관광버스전용 주차장(시),
남산공원 소월로 관광버스전용 주차장(시),
남산공원 주차장,
호현당,
T타워,
공유) 회현동 12(005~013구간)(구),
서울스퀘어,
서울스퀘어빌딩앞 이륜차 전용주차장(시),
하이파킹 서울시티타워 주차장,
AJ파크 서울역2 공항철도 주차장,
서울역 디오빌 주차장,
손기정체육공원 공영주차장(구),
서계동공영주차장(구),
서울역센트럴자이,
한서 공영주차장(구),
대흥주차장(민영),
대승 유료 주차장(민영),
미화빌딩 주차장,
창천중교 공영주차장(구),
퀸즈 오스티엘 주차장,
서강주차장(민영),
신촌노상 공영주차장(구),
신촌노외 공영주차장(구),
신촌카리스빌딩 주차장,
아이비타워 주차장,
에피소드 신촌369,
이마트 신촌점,
태영빌딩 주차장,
라사라빌딩 주차장,
경남 공영주차장(구),
경남주차장(민영),
남강빌딩 주차장,
노벨리아서교 주차장,
라이즈 오토그래프컬렉션 호텔,
무광빌딩 주차장,
서교타워 주차장,
스칼렛빌딩 주차장,
칼리오페 주차장,
홍대서교주차장(민영),
까사미아 서교점 주차장,
삼성화재빌딩 주차장,
삼영무역 주차장,
삼윤빌딩 주차장,
서교동교회 주차장,
서교동유료주차장   카카오T주차(민영),
서교주차장(민영),
망원1-2 공영주차장(구),
망원나들목공영주차장A동(구),
망원2주차장[서울함공원옆],
하늘바람 빌딩,
강서구 등촌동 649-18 ,
강서구 화곡동 1107-0 ,
방죽길 노상공영주차장(구),
신학대길 노상공영주차장(구),
화곡6-1 공영주차장(구),
강서구 구민회관,
남부순환로-1,
김포국제공항 화물청사 주차장,
강동타워 주차장,
다올빌딩,
세종텔레콤 본사 주차장,
한국종합기술 사옥[강동첨단 2호점],
명일1동주민센터,
센트로빌아파트 주차장,
명일동 주차장(구),
명일주차장,
우리주차장,
명일골목-1,
대동유료주차장(민영),
501타워 주차장,
암사종합-1,
공유) 광장동 IoT 공유주차장(구),
광진정보도서관 주차장,
인성빌딩 주차장,
크로스코빌딩 주차장,
장로회신학대학교 주차장,
한국소아마비협회,
광진초등학교,
썬타워빌딩 주차장,
창성주차장(민영),
광진광장 공영주차장(구),
어린이대공원(상상나라),
재영주차장(민영),
능동로-1,
공유) 19-17(구),
공유) 19-21(구),
광진두산위브파크상가 주차장,
광진캠퍼스시티 주차장,
대진주차장(민영),
동일민영주차장(민영),
송정동(건물) 공영주차장(구),
하나은행 주차장,
KT성수분국 앞(구),
공유) 18-23(구),
공유) 19-01(구),
공유) 19-02(구),
공유) 19-03(구),
삼환 디지털 벤처타워,
성동세무서,
신한은행 화양지점 주차장,
일신건영휴먼테코 주차장,
한불모터스(주),
공유) 18-05(구),
공유) 18-11(구),
성수2가3동(건물) 공영주차장(구),
아이에스비즈타워 주차장,
AK&서울숲 주차장,
ESA리버하우스오피스텔 주차장,
공유) 16-09(구),
공유) 16-10(구),
공유) 16-14(구),
공유) 16-17(구),
공유) 18-01(구),
공유) 18-02(구),
공유) 18-03(구),
남영디지털타워 주차장,
동진IT타워 주차장,
메타모르프 주차장,
서울숲 SK V1타워,
서울숲아이티밸리,
성수화물주차장(민영),
KD타워 주차장,
공유) 16-01(구),
공유) 16-03(구),
공유) 16-04(구),
공유) 16-06(구),
누디트서울숲 주차장,
더스페이스타워 주차장,
서울숲 L타워 주차장,
서울숲IT캐슬 주차장,
성수쌍용아파트상가 주차장,
헤이그라운드 서울숲 주차장,
왕십리로-1,
공유) 16-36(구),
뚝섬유수지(평면) 공영주차장(구),
공유) 08-07(구),
응봉동(평면) 공영주차장(구),
공유) 12-02(구),
공유) 09-02(구),
공유) 09-06(구),
공유) 10-04(구),
금남시장 공영주차장(구),
금호(민영),
금호4가동주민센터,
금호스타 주차장(민영),
대도주차장,
도미유료주차장(민영),
금호로-1,
공유) 11-05(구),
공유) 11-10(구),
공유) 12-01(구),
금호두산아파트상가 주차장,
남지빌딩 주차장,
롯데(민영),
금남-1,
옥수파크힐스상가 주차장,
버티 공영주차장(구),
성곽 공영주차장(구),
반얀트리클럽앤스파서울,
장충단로(한남광장) 관광버스전용 주차장(시),
한국자유총연맹 주차장,
 비에스빌딩 주차장,
후암동주차장(구),
갑을주차장,
서울역 철도 KTX빌딩 주차장(민영),
전원주차장(민영),
트윈시티,
한성빌딩 주차장(민영),
청파주차장(민영),
공덕1-1 공영주차장(구),
만리재로-1,
만리재로-2,
"서울서부지방검찰청,서울서부지검",
마포 센텀 슬로우스퀘어,
소금나루도서관 공영주차장(구),
염리동주민센터,
대흥로-1,
서강대학교 정문주차장,
백범로-1,
서강대역 환승 공영주차장(구),
신수동주민센터,
일원빌딩 주차장,
합정노상공영주차장(구),
당인 유료 주차장(구),
당인노상공영주차장(구),
서교동 제4주차장(민영),
아마노 합정역 청년주택 주차장,
연이주차장(민영),
케이엠파크 IH 빌딩 주차장(민영),
케이엠파크 합정동제2주차장(민영),
독막로-1,
홈플러스 합정점,
공항대로-1,
한두공영주차장(구),
등촌 2-1 공영주차장(구),
강서구청,
강서구청 복지지원센터,
송화골목 전통시장 고객주차장,
강동구민회관 주차장,
강동디앤써밋 주차장,
강동홈플러스 주차장,
사랑플러스빌딩 주차장,
선진빌딩,
 일주상가빌딩,
천호1동 주차장(구),
천호주차장(민영),
고분다리전통시장 주차장(구),
로뎀빌딩 주차장,
민호빌딩 주차장,
파이로트주차장(민영),
"광나루1, 2주차장",
천호유수지 주차장(구),
광진구민체육센타 및 광진청소년수련관,
아차산로-1,
광나루로-1,
어린이대공원(구의문),
광나루로-2,
자양로-1,
KCC파크타운 주차장,
빌리브인테라스,
한아름 민영주차장,
화양동공영주차장(시),
공유) 18-21(구),
공유) 18-25(구),
공유) 18-29(구),
공유) 18-41(구),
공유) 18-46(구),
교원성수물류센터점 주차장,
성수E비즈센터 주차장,
성수동아크밸리,
우리W타워 주차장,
공유) 18-10(구),
공유) 18-14(구),
공유) 18-15(구),
공유) 18-18(구),
공유) 18-36(구),
공유) 18-44(구),
공유) 18-45(구),
부래당 주차장,
삼연빌딩주차장,
성수무신사캠퍼스N1 주차장,
성수빌딩 주차장,
성수아카데미타워 주차장,
성수역 3번출구 앞(구),
성수역SKV1타워 주차장,
스탈릿성수 주차장,
우영테크노센터 주차장,
유료주차장(시),
유원지식산업센터 주차장,
프로앤텍(민영),
KIMG빌딩 주차장,
SK테크노빌딩 주차장,
공유) 18-04(구),
공유) 18-32(구),
공유) 18-33(구),
공유) 18-34(구),
공유) 18-43(구),
광명타워 주차장,
백영성수센터,
성수(민영),
신성주차장(민영),
아마노 코너19 주차장,
아주디지털타워 주차장,
우란문화재단 주차장,
윤파킹,
창미빌딩 주차장,
코오롱 디지털타워 3차 주차장,
코오롱디지털타워 1차 주차장,
팩토리얼 성수,
한서빌딩 주차장,
현대테라스타워 주차장,
HS주차장(민영),
SOL빌딩 주차장,
개풍빌딩 주차장,
공유) 15-01(구),
공유) 15-03(구),
공유) 15-25(구),
공유) 15-27(구),
공유) 16-30(구),
공유) 16-31(구),
노벨빌딩 주차장,
서울숲 A타워 주차장,
서울숲 M타워 주차장,
서울숲 한라에코밸리 주차장,
서울숲비즈포레 주차장,
성동구민종합체육센터 주차장,
성수 문화회관 아트홀 주차장,
성수주차장(민영),
영창디지털타워 주차장,
갤러리아 포레아파트 주차장,
갤러리아포레 더몰 상가 주차장,
서울숲디타워 주차장,
성수문화예술마당 임시 공영주차장(구),
금호스포츠센터 부설주차장,
공유) 14-02(구),
공유) 14-03(구),
옥수역 공영주차장(시),
극동종합상가 주차장,
달07에비뉴빌딩 주차장,
옥수리버젠상가 주차장,
용산구 이태원동 258-29(구),
용산2가 동청사,
용산2가소월주차장(구),
해방촌노외 공영주차장(구),
태림주차장(민영),
03-02-186(구),
03-04-135(구),
건영렌트카주차장(민영),
공유) 남영동 04구간(구),
동아제일 주차장,
동인주차장(민영),
원형주차장(민영),
청파로-1,
용산구 한강로2가 148-4(구),
청파동1마을공원공영주차장(구),
청파동청사(구),
효창공원 주차장,
효창공원1(구),
효창공원2(구),
효창운동장공영주차장,
효창원로-1,
효창원로-2,
만리재로-3,
KPX빌딩,
공덕 효성해링턴스퀘어 주차장,
대한통운렌트카(민영),
마포 재정회관빌딩,
마포신영지웰 주차장,
별정우체국연금관리단빌딩,
이마트 마포점[마포 공덕역 3호점],
한라주차장(민영),
용강노상공영주차장(구),
용강동 노상 공영주차장(구),
나이스파크서강점주차장,
서강교회 부설 주차장,
준 주차장(민영),
토정로 관광버스 주차허용 구간(시),
망원1주차장[당산철교북단],
양화진 공영주차장(구),
양화3주차장[양화선착장앞],
국제유료주차장(민영),
달마을주차장(구),
목2동 월촌(구),
목2동주민센터,
목동문화체육센터,
목3동주민센터,
등마루공영주차장,
화곡본-2 공영주차장(구),
화곡5-3 공영주차장(구),
초록마을로-1,
대원주차장(민영),
드림앤드림,
삼팔주차장(민영),
화곡5-1 공영주차장(구),
화곡5-2 공영주차장(구),
강동도서관 주차장,
길동주차장(민영),
보광빌딩,
태양주차장(민영),
영미교통(주)(민영),
우성아트빌,
 강천빌딩,
어바니엘천호,
영림주차장(민영),
천호3동 주차장(구),
천호3동제2 주차장(구),
현대프라자,
2001아울렛 천호점[천호아울렛점],
강동농협하나로마트 로데오점 주차장,
강동미즈여성병원전용주차장,
공유) 12-나1100구간(구),
나비빌딩,
대우한강베네시티,
로석빌딩[천호점],
미즈병원주차장(민영),
수성주차장(민영),
쌍용플래티넘리버,
오복빌딩 주차장,
원방빌딩 주차장,
이마트 주차장,
일동빌딩 주차장,
천오골프연습장,
천호2동노외주차장(구),
천호동로데오팰리스 주차장,
천호엘크루 주차장,
천호역 공영주차장(시),
천호역두산위브센티움 주차장,
천호역한강푸르지오시티오피스텔 주차장,
코오롱상가아파트,
한국마사회 강동지사,
현대백화점 천호점,
이스턴베니비스 주차장,
천호대로-1,
광나루3주차장[천호대교 하부],
광장종합사회복지관,
구의3동 공영주차장(구),
광진유료주차장(민영),
구의1동 공영주차장(구),
구의웰츠타워 주차장,
구의주차장(민영),
건국대학교사범대학부속중학교 주차장,
광진구청,
LG전자베스트샵 건대입구점,
건국대학교 동문회관 주차장,
건국대학교병원,
이마트 자양점,
아차산로-2,
아차산로-3,
가나주차장,
광진구 자양동 9-4 ,
로데오프라자 주차장,
롯데백화점 건대시티점 주차장,
삼영빌딩 주차장,
삼진빌딩 주차장,
연한빌딩,
웅진빌딩 주차장,
이삭주차장(민영),
일승 주차장(민영),
자양4동 공영주차장(구),
캠퍼스프라자 아파트,
한림타워 주차장,
AJ파크 커먼그라운드 주차장,
공유) 17-12(구),
광진구 자양동 11-4 ,
글로벌시티오피스텔 주차장,
동신 유료주차장,
명성 주차장,
재성빌딩 주차장,
청진빌딩 주차장,
청화유료주차장,
청화주차장(민영),
커먼그라운드 주차장,
영동교골목-1,
공유) 17-11(구),
공유) 17-13(구),
공유) 17-16(구),
공유) 17-18(구),
공유) 17-31(구),
공유) 17-38(구),
공유) 18-40(구),
공유) 18-48(구),
무신사 E1,
서울숲 드림타워 주차장,
성수 유료주차장,
에이스하이엔드성수타워 주차장,
우진(민영),
콜발렛 위즈엘 주차장,
풍림테크원,
공유) 15-10(구),
공유) 17-02(구),
공유) 17-22(구),
뚝도시장 노상주차장(구),
뚝도시장(구),
서울숲코오롱디지털타워2차 주차장,
서울숲한라시그마밸리 2차 주차장,
서울숲한라시그마밸리1차 주차장,
공유) 15-06(구),
공유) 15-12(구),
공유) 15-23(구),
뉴타운오피스텔 민영주차장,
메가박스 성수점,
서울숲 ITCT 지식산업센터 주차장,
성수1가1동(건물) 공영주차장(구),
에피소드 성수101 주차장,
에피소드성수121 주차장,
유한타워 주차장,
홍성빌딩 주차장,
서울숲공원주차장(민영),
옥수어울림더리버점 주차장,
옥수유수지(평면) 공영주차장(구),
옥수주차장(민영),
옥수경보아리스힐 주차장,
명봉빌딩,
블루스퀘어,
한강진역 공영주차장(시),
삼호주차장(민영),
하얏트호텔,
이태원2동 공영주차장(구),
공유) 남영동 01구간(구),
공유) 남영동 02구간(구),
대승주차장,
청룡빌딩 주차장,
청파로-2,
용산구 원효로1가 17-96 ,
용산구 원효로1가 31-19 ,
용산꿈나무종합타운,
용산더프라임,
원효대로90길-1,
효창종합사회복지관,
새창로-1,
용문동 공영주차장(구),
NPD 에비뉴67 주차장,
경보주차장(민영),
경찰공제회 자람빌딩,
도화 공영주차장(구),
마포아크로타워,
다보빌딩,
대농빌딩 주차장,
마포유수지(시),
염리 공영주차장(구),
양화1주차장[당산철교 하부],
양화2주차장[전망카페],
 선유도역투웨니퍼스트밸리,
양평동(동) 공영주차장(시),
어반322,
목동중앙로-2,
목3동 해운주차장(구),
목사랑시장(구),
화곡 8-1 공영주차장(구),
화곡본-1 공영주차장(구),
볏골공원 지하공영주차장(구),
신월주차장(민영),
화곡3-1 공영주차장(구),
신월5동복개주차장(구),
신월5동주민센터,
이마트 신월점,
신월 이마트,
강동그린웨이 가족캠핑장,
길동채움 주차장,
강동우체국 부설주차장,
광동빌딩 주차장,
미림빌딩 주차장,
양병원 주차장,
원경유료주차장,
한보 민영 주차장,
LG전자베스트샵 강동본점,
Tmap주차 강동웨딩3주차장(민영),
강동그린타워,
강동라이저빌딩 주차장,
강동성심병원[본관/웰빙센터 주차장],
강동한신휴플러스아파트 주차장,
동보유료주차장(민영),
동선빌딩 주차장,
마루홈타운,
부에노빌딩 주차장,
석탄공회관 주차장,
소산타워 주차장,
우주빌딩 주차장,
일성하이츠오피스텔,
청광노블하임,
탑스위트,
희헌타워 주차장,
 트레벨,
SK허브진아파트 주차장,
Tmap주차 강동웨딩2주차장(민영),
강동웨딩KDW 본관주차장,
강동이스트센트럴타워 주차장,
길상주차장(민영),
이안강동컴홈스테이1차 주차장,
조은마디병원 주차장,
프린스 주차장,
현대코아,
힐탑프라자,
강동주차장(민영),
엘웨딩주차장(민영),
이안강동 주차장,
지라이트빌딩 주차장,
천호역 효성해링턴 타워 부설주차장,
풍납1(구),
풍납시장(민영),
풍납2(구),
강변 테크노마트,
터미널유료주차장(민영),
광성빌딩 주차장,
동서울 노외주차장(구),
동서울호텔길 노상공영주차장(구),
목림빌딩 주차장,
성진강변스파랜드,
선두주차장(민영),
제일빌딩 주차장,
한승빌딩 주차장,
혜민병원 주차장,
자양로-2,
구의현대홈시티상가 주차장,
도광빌딩 주차장,
래미안프리미어팰리스 주차장,
서울자양초등학교,
서원주차장(민영),
신라빌딩[구의역 자양사거리점],
영서빌딩 주차장,
웨이드스포츠학원 주차장(민영),
자양전통시장 공영주차장(구),
자양주차장(민영),
타워더모스트광진아크로텔상가 주차장,
송림 기사식당길 공영주차장(구),
송림기사식당길(B) 공영주차장(구),
송림기사식당길A 노상공영주차장(구),
광진문화예술회관 및 구의회청사 주차장,
대양빌딩 주차장,
능동로골목-1,
선덕빌딩 주차장,
노룬산골목-1,
공유) 17-33(구),
공유) 17-37(구),
공유) 17-40(구),
성수2가1동(건물) 공영주차장(구),
공유) 15-21(구),
공유) 17-24(구),
공유) 17-25(구),
공유) 17-26(구),
공유) 17-27(구),
공유) 17-29(구),
공유) 17-41(구),
공유) 17-44(구),
진보주차장(민영),
킹(민영),
강변(건물) 공영주차장(구),
리플레이스한남F동,
중소기업은행 한남동고객센터,
순천향대학교병원,
한남동 공영주차장(구),
이태원주차장(민영),
빅토리주차장(민영),
세계로주차장,
이태원 입구 관광버스 승하차 허용 구간(시),
녹사평대로40길-1,
전쟁기념사업회,
삼각지역(구),
용산 베르디움 프렌즈,
용산구 한강로1가 236-5(구),
한강대로62나길-1,
공유) 한강로동 32구간(구),
삼각지고가밑 공영주차장(시),
용산구문화체육센터,
용산주차빌딩 공영주차장(시),
백범로-2,
청파로-3,
20-21구역(구),
보은주차장(민영),
용산구 원효로2가 78-3 ,
용산구 원효로2가 91-20 ,
용산구 원효로2가 92-2 ,
용산전자상가5(구),
용산주차빌딩(구),
용문-1,
신창공영주차장(구),
여의서로 공영주차장(시),
국민건강보험공단 영등포남부지사,
양평로-1,
그랜드컨벤션센타 제1주차장,
그랜드컨벤션센터 제2주차장(민영),
다옥빌딩 주차장,
이화빌딩 주차장,
 선유도아이에스비즈타워,
GS타임즈 이레빌딩 주차장,
롯데홈쇼핑 서울본사,
양평2동청사 공영(구),
목동체비지 공영주차장(시),
부영그린 공영노상주차장(구),
광장공영주차장(구),
목동노외 공영주차장(시),
법안정사 공영주차장(구),
우리공영주차장(구),
파리공원(구),
목동동로-5,
광장(민영),
화곡4-1 공영주차장(구),
화곡2-1 공영주차장(구),
화곡8-2 공영주차장(구),
까치주차장(민영),
화곡주차장(민영),
화곡중앙교회,
가로공원로 지하 주차장(구),
달구지길 노상공영주차장(구),
화곡7-1 공영주차장(구),
가로공원공영주차장(구),
곰달래로5길 노상(구),
신월1동저지복개2구역(구),
가로공원공영주차장,
능골주차장(구),
신우주차장(구),
신월3동 여울공영주차장(구),
신월3동주민센터,
보훈병원 주차장,
일자산제1체육관 주차장,
일자산제2체육관 주차장,
일자산 2체육관,
일자산 1체육관,
강동구 둔촌동 65-0 ,
약수터주차장(민영),
용성빌딩 주차장,
OK스크린골프 주차장,
백제추어탕 부설주차장,
삼원빌딩,
신성빌딩 주차장,
안말 주차장(구),
15-가600구간(구),
강동구보건소 주차장,
강동구청 주차장,
강동빌딩 주차장,
공유) 15-가600구간(구),
서경빌딩 주차장,
성내전통시장 주차장(구),
보스렌자(민영),
에스원볼링센타 주차장,
도원빌딩 주차장,
동서울 호텔길(B) 공영주차장(구),
대승주차장011-259-7583(민영),
와이엠프라젠스파,
유료주차장(민영),
편안한요양병원[광진자양점],
국민은행자양동지점 주차장,
서울중앙농협하나로마트 주차장,
뚝섬2주차장[안내센터 앞],
자양유수지 공영주차장(구),
자양한강도서관,
뚝섬3주차장[수영장 앞],
뚝섬4주차장[청담대교 하부],
압구정29길 노상공영 주차장(구),
압구정동 주민센터 주차장,
논현로190길-1,
논현로190길-2,
압구정동 주민센터,
동호대교(남) 공영주차장(시),
논현로189길-1,
오거리주차장(민영),
한남유수지공영주차장(구),
한남주차장(민영),
대사관34길-1,
청석주차장(민영),
골목주차장(민영),
생생주차장(민영),
영남주차장(민영),
이태원1동공영(구),
녹사평32주차장(민영),
용산구청(용산아트홀),
공유) 한강로동 22구간(구),
아모레퍼시픽 본사 주차장,
용산구 한강로2가 2-39(시),
용전주차장(민영),
서울드래곤시티,
용산전자상가1(구),
용산전자상가2(구),
용산전자상가3(구),
e테크밸리,
성촌공원 남측 관광버스 주차허용 구간(시),
이촌로-1,
세우빌딩,
여의도호텔(舊세우빌딩)앞(구),
여의공원로-2,
KC TOWER,
국민일보사옥앞(구),
기계산업진흥회,
동아빌딩앞 노상주차장(구),
동아빌딩앞(구),
렉싱턴호텔뒤 노상주차장(구),
신한드림리버오피스텔 주차장,
여의도순복음교회,
여의도파란곤,
여의도한강3주차장(서강대교남단),
은행로-1,
은행로-2,
국민은행앞 노상주차장(구),
대하빌딩,
당산 SK V1 센터,
당산고가 밑 이륜차 전용주차장(구),
당산고가밑 공영주차장(시),
당산역효성해링턴타워오피스텔 주차장,
영등포구 당산동5가 9-2 ,
TCC타워,
서울영등포우체국,
목동운동장,
목동타운홀(구),
양천사회단체봉사센터 공영주차장(구),
중소기업유통센터(행복한백화점),
한마음 공영주차장(구),
양천도서관,
목동5단지,
목1동주민센터,
바람개비 공영주차장(구),
홈플러스 목동점,
목동중앙로-1,
목1동 주민센터,
목4동주민센터,
홍익병원 목동관,
남부골목 전통시장 고객주차장(구),
배다리동길 노상공영주차장(구),
"한라주차장, 롯데마트(민영)",
홍익병원 별관,
곰달래 문화복지센터 공영주차장(구),
까치산 전통시장 고객주차장,
명신주차장(민영),
곰달래주차장(구),
신영시장 공동주차장(구),
신월1동저지복개1구역(구),
화곡1-1 공영주차장(구),
마을마당주차장(구),
신월1동주민센터,
마을마당공영주차장,
보훈병원역 주차장,
보훈의학 연구소,
 H웨딩컨벤션홀,
동부빌딩 주차장,
둔촌빌딩 주차장,
오스카상가 주차장,
파크프라자 주차장,
둔촌역재래-1,
둔촌역재래-2,
둔촌역전통시장(구),
성내3동주민센터 주차장,
호원아트홀 주차장,
강동구의회 주차장,
씨네월드,
인애가한방병원의원 주차장,
채원자연통합병원빌딩 주차장,
J빌딩 주차장,
농협중앙회고객전용 주차장,
강동대로-2,
골드타운 주차장,
모빌리티 주차장,
잠실세무서,
서울아산병원 주차장,
풍납유수지(구),
자양2동주민세터,
뚝섬1주차장[윈드서핑장 앞],
명동주차장(민영),
새벽집청담점 주차장,
세신빌딩 주차장,
옥봉민영주차장,
청담덕영빌딩 주차장,
청담에비뉴상가 주차장,
도산대로-11,
W빌딩 민영주차장,
고수민영주차장,
네이처포엠오피스텔 주차장,
대신빌딩,
먼데이투선데이 주차장,
미피아체 주차장,
세화빌딩 주차장,
아마노코리아 청담 주차장,
청담문화센터 주차장,
청담주차장,
청담동 주민센터,
DS 디에스 유료주차장(민영),
K현대미술관 주차장,
갤러리아백화점 명품관 EAST,
갤러리아백화점 명품관 WEST,
공신진흥주차장,
대창빌딩 주차장,
디자이너클럽빌딩 주차장(민영),
미엘 주차장,
스타벅스 청담스타R점 주차장,
신한양빌딩 주차장,
압구정주차장(민영),
울프강스테이크하우스 주차장,
정식당 주차장,
청담올리브빌딩 주차장,
풍월당 주차장,
한양타운빌딩 주차장,
더반스주차장,
두넛샵 주차장,
로빈명품관 주차장,
미소빌딩 주차장,
석진빌딩 주차장,
선데이버거클럽 주차장,
스타벅스 신압구정점 주차장,
신원빌딩 주차장,
쌍봉빌딩 주차장,
압구정극동타워 주차장,
원일빌딩 주차장,
청구주차장(민영),
케이옥션주차장,
태승빌딩 주차장,
하우스도산 주차장,
현대로데오상가 주차장,
혜성빌딩 주차장,
효정빌딩 주차장,
언주로-1,
언주로-6,
CBA 주차장,
구정빌딩 주차장,
로얄유료주차장,
메디컬뱅크 주차장,
미승빌딩 주차장,
본경빌딩 주차장,
신구중학교뒷길 공영주차장,
압구정고가1 공영주차장(시),
압구정고가2 공영주차장(시),
압구정스퀘어 주차장,
언주로171길(구),
우미빌딩 주차장,
융기빌딩 주차장,
이소니프라자 주차장,
카로시티 빌딩 주차장,
현대백화점 압구정 본점,
극동타워빌딩 주차장,
금호빌딩 주차장,
삼국빌딩 주차장,
압구정 428 공영주차장(구),
강남관광정보센터,
"잠원1, 2, 3, 4, 5, 6주차장",
한남대교전망카페 주차장,
논현로189길-2,
도솔암주차장,
한일정육식당주차장(민영),
녹사평대로-1,
국제주차장(민영),
용산구 한강로2가 2-28(구),
아이파크몰 용산점 주차장,
용산구 한강로3가 40-155 ,
여의도한강2주차장(마포대교남단),
LG트윈타워 주차장,
MBC방송국뒤 노상주차장(구),
신흥증권앞 노상주차장(구),
율촌빌딩 주차장,
파크원 주차장,
한국전력공사 남서울지역본부 주차장,
舊MBC뒤(구),
여의대로-1,
IFC 서울 주차장,
산업은행앞 노상주차장(구),
산업은행앞(구),
아이엠(im)증권빌딩,
안원빌딩,
중소기업중앙회,
중소기업중앙회 앞 노상주차장(구),
한양빌딩,
여의공원로-1,
  금산빌딩,
  삼환까뮤,
KBS본관 앞 노상주차장(구),
KBS본관뒤(구),
KBS신관홀,
kbs 연구동,
아시아원빌딩,
여의도공원앞(구),
여의도공원앞1 노상주차장(구),
영등포구 여의도동 17-8 ,
익스콘벤처타워,
한국보이스카우트연맹회관,
한국장애인개발원,
여의도한강4주차장(여의2교-하부파천교),
knk디지털타워,
당산2동(구),
롯데마트맥스 영등포점,
한국산업인력공단 서울남부지사,
경남아파트 앞 노상주차장(구),
공유) 당산1동거주자우선주차장(구),
당산노외 공영주차장(시),
영등포제2스포츠센터,
코레일유통 본사 사옥 주차장,
당산골프클럽 주차장,
당산근린공원 공영(구),
삼성생명 주차장,
서울양평점 롯데마트주차장(케이엠파크),
영등포 구청,
영등포구청(구),
영등포구청별관 공영주차장(구),
영등포구청환승주차장(구),
영등포병원주차장,
영등포세무서,
웨스턴베니비스 영등포점,
코스트코 양평점,
현대해상화재 주차장,
YP센터 주차장,
양평동 이노플렉스,
양평유수지 공영주차장(구),
에이스 하이테크시티3차,
에이스테크노타워,
우림이비지센타 주차장,
월드프라자,
목동공영주차장(구),
현대41타워옆 노상공영주차장(구),
현대백화점 목동점,
목동트라팰리스웨스턴에비뉴(이마트),
한국방송광고진흥공사 방송회관,
한국통신(구),
목동동로-3,
목동동로-4,
이마트목동점,
NH농협은행 목동역지점,
신정빌딩 주차장,
벚꽃길주차장(구),
상미주차장(신정4동)(민영),
신정4동 로데오길(구),
신정4동길(구),
신정4동주민센터,
배다리서길 노상공영주차장(구),
삼성홈타운,
신월2동주민센터,
은혜교회,
화곡동성재아파트,
신월4동 공영주차장(시),
신월4동주민센터,
서서울주차장(구),
서서울예술교육센터,
신천유수지 공영주차장(시),
잠실파크리오A상가 주차장,
잠실파크리오B상가 주차장,
GE타워 부설주차장,
드레스가든 주차장,
청담동 삼강빌딩,
청담민영주차장,
골프존타워 서울본관 주차장,
리베라호텔,
신영빌딩 부설주차장,
청담빌딩 민영주차장,
청담키즈12빌딩 주차장,
프리마호텔,
삼성로-5,
강남 청소년수련관,
강남구 민자유치 청담주차장(민영),
계원빌딩 주차장,
더에디션주차장,
신한오피스텔 주차장,
언북초교 공영주차장(구),
엔트라강남호텔 주차장,
청담한국빌딩 주차장,
청담휴먼스타빌 주차장,
도산대로-4,
도산대로-5,
도산대로-6,
도산대로-7,
도산대로-8,
나무빌딩주차장,
더채플앳청담 주차장,
미라클빌딩 주차장,
배강빌딩 주차장,
버거킹 주차장(민영),
보메청담 주차장,
부귀영전빌딩 주차장,
삼성디지털프라자 강남본점 주차장,
선릉로146길 노상공영주차장(구),
승봉빌딩 주차장,
아노블리81타워 주차장,
청담동일모터스 주차장,
청담스퀘어 주차장,
킹콩빌딩 주차장,
퍼스트라이트타워 주차장,
피엔폴루스 주차장,
도산대로-1,
도산대로-2,
도산대로-3,
MD빌딩 주차장,
SB타워 주차장,
TORCH빌딩 주차장,
나누리병원 본관 주차장,
대동타워 주차장,
대막주차장,
덕승빌딩 민영주차장,
도산대로45길(구),
로이빌딩 주차장,
메종에르메스도산파크 주차장,
미래주차장,
백영빌딩 주차장,
소촌빌딩 주차장,
스타크빌딩 주차장,
씨네시티빌딩 주차장,
어매진타워 주차장,
청호빌딩 주차장,
청호유료주차장,
케이엠파크 평화빌딩 제1주차장,
테일러메이드 주차장,
파레티빌딩 주차장,
평화빌딩 제2주차장,
한우리 본점 주차장,
현대벨로스주차장,
호림아트센터 주차장,
도산대로-10,
도산대로-9,
언주로-9,
DDMC 주차장,
ISA빌딩 주차장,
JB미소빌딩 주차장,
NJ빌딩 부설주차장,
루위주차장,
삼성유료주차장(시),
성도빌딩 주차장,
신사빌딩 주차장,
안국빌딩 주차장,
압구정빌딩 부설주차장,
에이든청담호텔 주차장,
연타발 압구정본점 주차장,
유림아트홀 주차장,
조일빌딩 주차장,
창원 PKS 주차장,
포포인츠바이쉐라톤 강남점 주차장,
현대썬앤빌 주차장,
호텔선샤인강남 주차장,
논현로-1,
논현로-2,
광림교회 사회봉사관 주차장,
동남빌딩 주차장,
동방유료주차장(민영),
루피움빌딩 주차장,
미사빌딩 민영주차장,
신구초 공영주차장(구),
신사가로수길 주차장,
신사동 529 주차장(민영),
신사동 유료주차장,
신사문화센터 주차장,
옥림빌딩 주차장,
조은유료주차장,
강남출판문화회관 주차장,
까사미아 주차장,
덕산빌딩 주차장,
두리빌딩 주차장,
라까사호텔 주차장,
보암빌딩 주차장,
신사스퀘어주차장,
호경주차장(민영),
화인빌딩 주차장,
가족공원 부설주차장,
"용산공원(화장실,사무소,수처리)",
국립중앙박물관,
국립한글박물관,
한강쇼핑(구),
용산세무서,
이촌로54길(구),
63스퀘어(63빌딩),
여의도한강공원1주차장(63빌딩앞),
원효대교 남단 공영주차장(시),
  롯데캐슬 아이비,
  인영빌딩,
  호성빌딩,
 한국교직원공제회관,
가든빌딩 주차장,
경도상가앞 노상주차장(구),
경호빌딩앞 노상주차장(구),
금융투자교육원앞(舊경호빌딩)(구),
대우증권 본사사옥 주차장,
롯데캐슬앞 노상주차장(구),
메리츠화재 여의도사옥,
미원빌딩 주차장,
신영증권,
심팩빌딩 주차장,
씨티플라자 주차장,
앵커원,
여의도백화점 앞 노상주차장(구),
여의도백화점 주차장,
여의도우체국,
정곡빌딩,
키움증권빌딩 주차장,
태양빌딩,
태양빌딩앞 노상주차장(구),
하남빌딩 지하주차장,
한국거래소앞 노상주차장(구),
한국노총 중앙근로자 복지센타,
한마루빌딩 주차장,
한진해운 앞 노상주차장(구),
호성빌딩 앞 노상주차장(구),
홍우빌딩 앞 노상주차장(구),
화재보험협회 앞 노상주차장(구),
S-TRENUE 오피스텔 주차장,
교보증권빌딩 주차장,
여의도 사학연금(TP타워),
오투타워,
전국경제인연합회,
현대차증권빌딩,
  KT여의지점,
메리어트 여의도파크센터,
여의도공원 공영주차장(시),
VIP주차장(민영),
공원주차장(민영),
동성주차장(민영),
영등포동제2공영(구),
전통시장주차장(영등포동제1)(구),
중마루공원앞(구),
진흥빌딩,
버드나루로-1,
버드나루로-2,
민속집주차장(민영),
신한 주차장(민영),
에즈파이낸스빌딩,
영등포중앙시장 노상주차장(구),
웨딩그룹위더스영등포,
당산1동공영(구),
동방(스타)주차장(민영),
조광-1,
조광-2,
SM 신용정보 본사,
교보생명 앞 노상주차장(구),
교보생명옆 노상주차장(구),
산경물산공단주차장(민영),
양남사거리 앞 노상주차장(구),
영등포구청역 공영주차장(시),
선암빌딩 주차장,
신일아르디세,
영등포구 문래동6가 10-0 ,
영등포구 양평동1가 190-0 ,
우리벤쳐타운2,
동아프라임밸리,
목동비즈타워,
양평빌딩 주차장,
공유) 공유주차장(구),
목동우림필유,
양천세무서,
어울림 공영주차장(구),
제이월드빌,
한전 뒷길 노상주차장(구),
목동동로-1,
목동동로-2,
목동서로-3,
목동서로-4,
목동서로-5,
법마을공영주차장(구),
LG전자베스트샵 양천본점,
"신정1,3동 복개(구)",
웃우물 공영주차장(시),
신월로-3,
당곡주차장(구),
동방숯가마사우나,
신월로-1,
신월로-2,
경창시장고객주차장,
신월7동주민센터,
한울주차장(구),
한국법무보호복지공단 서울지부,
강동대로-3,
서울 송파 올림픽공원,
올림픽공원 남3문 주차장,
위례성길(구),
기광주차장(민영),
사보이시티 민영주차장,
서울송파 올림픽공원 회관 외 주차장,
송파구 방이동 44-3 ,
잠실파크웨이 주차장,
클레오파트라 주차장,
한미약품 주차장,
한아람 주차장,
백제고분로-1,
신동아타워주차장,
아이스페이스 잠실2 주차장,
잠실대명밸리온,
교통공원길(구),
교통회관 주차장,
더샵스타리버 주차장,
삼성SDS타워 주차장,
성내역(잠실나루역) 공영주차장(시),
수협중앙회 주차장,
잠실더샵스타파크 오피스텔 주차장,
잠실아이스페이스 주차장,
한신코아오피스텔 주차장,
향군타워 주차장,
홈플러스 잠실점,
장미전철상가 주차장,
타워730 주차장,
한국방송광고진흥공사 광고문화회관 주차장,
"잠실1, 2, 3, 4주차장",
잠실종합운동장 부설주차장,
노블발렌티 주차장,
공유) 151-100(구),
청담푸르시오시티 주차장,
학동로-5,
강남구청사 삼성동 별관,
강남구청 주차장,
골든아트빌 민영주차장,
기계설비건설회관 주차장,
대륭빌딩 주차장,
청담서울클리닉 주차장,
H&S타워 주차장,
SK허브블루 지하주차장,
Y&K빌딩 주차장,
강남POBA타워,
강남구 민자유치 논현3호 주차장(민영),
강남구보건소 주차장,
금하빌딩,
노벨빌딩,
로뎀2빌딩 주차장,
선릉로132길 노상공영 주차장(구),
청담벤처프라자 주차장,
학동로-2,
MH빌딩 민영주차장,
건설회관 주차장,
구산빌딩 주차장,
나누리병원 신관 주차장,
논현2문화센터 주차장,
논현웰스톤점 주차장,
두산빌딩 주차장,
미성빌딩 주차장,
보전빌딩 주차장,
서울세관 주차장,
송암빌딩 주차장,
언주로147길(구),
영동빌딩 주차장,
유경빌딩 주차장,
트리스빌딩,
논현2동 주민센터,
국제예술대학콘서트홀 주차장,
국제음악예술대학 주차장,
대광빌딩 주차장,
연세주차장(민영),
파티오나인지상주차장,
파티오나인지하주차장,
파티오세븐 주차장,
국민연금공단 서울남부지역본부,
극장주차장,
농협은행 신사동금융센터 주차장,
대기빌딩 주차장,
도산대로150 주차장,
디에스 가로수길 주차장,
브로드웨이 주차장,
세양에이팩스타워 주차장,
세진주차장(민영),
승영주차장(민영),
신사주차장,
신웅타워2 민영주차,
어반포트 가로수길 주차장,
제이타워,
진우빌딩 주차장,
한교빌딩 주차장,
KBL센터 주차장,
MG타워 주차장,
강남대로150길(구),
국제빌딩 주차장,
대양주차장,
더리버사이드 호텔 주차장,
동산민영주차장,
두원빌딩 주차장,
리치월드빌딩 주차장,
삼주삼우주차장,
신사동ICT타워 주차장,
신사샤르망에스주차장,
신사테마 주차장,
영동설렁탕전용주차장,
잠원동 K-TOWER,
잠원동방음언덕형공영주차장(구),
잠원동휴먼타워 주차장,
잠원주차장(민영),
청하빌딩(KJ) 주차장,
핑크장모텔 주차장,
흥창빌딩 노외주차장(민영),
신반포로47길-1,
이촌1주차장[반포대교북단 하류],
동작대교 공영주차장(시),
"이촌3, 4주차장",
노들섬 주차장,
  리버타워,
라이프콤비빌딩,
가톨릭대학교 성모병원,
나라키움여의도빌딩,
상아빌딩,
여의도한강5주차장(성모병원앞),
진주아파트 옆 노상주차장(구),
  아일렉스타워,
  유니온타워,
  한국잡지정보관,
ABL생명타워,
KBS별관 방문객 주차장,
KBS별관뒤 노상주차장(구),
KBS별관옆 노상주차장(구),
금융투자협회,
메종오피스텔 주차장,
에리트빌딩,
영등포구 여의도동 45-20 ,
 동진골프앤피트니스클럽,
대우디오빌골든뷰 오피스텔,
신길역사(1번출구) 거주자우선주차장(구),
신길환승(5호선)(구),
영등포로터리 공영주차장(시),
중마루공원앞 노상주차장(구),
태양주차장,
GS타임스 영등포(민영),
GS타임즈영등포제2점주차장(민영),
신세계 주차빌딩,
신세기산업주차장(민영),
아자빌딩 주차장,
영등포 롯데역사 주차장,
영보주차장(민영),
타임스퀘어A Gate 주차장,
한국마사회 영등포지사,
문래동주민센터 앞 노상주차장(구),
세미콜론문래,
영남 공영주차장(시),
영등포 SK리더스뷰 주차장,
영등포동제3공영(구),
윈터빌딩 주차장,
트리플렉스,
영일-1,
문래근린공원 주차장(구),
문래청소년수련관주차장,
홈플러스 영등포점,
 EEU동신타워,
노인종합복지관 및 노인케어센터,
대륭빌딩 오피스텔,
문래 SK V1 center,
문래동공영(구),
문래아카데미,
에이스 하이테크시티2,
하우스디비즈,
명지페르마타,
신정교주차장(구),
신정2동주민센터,
목동서로-1,
목동서로-2,
문화회관 동측 공영주차장(구),
신정6동주민센터,
양천경찰서 노상공영주차장(구),
양천공원옆(구),
양천구청,
양천구청 노상공영주차장(구),
양천보건소,
해누리타운,
양천구민체육센터,
양천경찰서,
목동이스타빌,
문화회관 지하 주차장(구),
문화회관서측 노외주차장(구),
밝은빛 공영주차장(구),
건양주차장(민영),
신정1동주민센터,
양천나눔누리센터,
신정1동 주민센터,
다락골주차장(구),
신곡주차장(구),
신월바다주차장(민영),
건강힐링문화관,
해맞이역사도서관,
해맞이공영주차장(구),
가락주차장(민영),
칸지고고 주차장,
한스빌딩 주차장,
청와옥본점 주차장,
한성백제박물관 주차장,
대승유료주차장(민영),
방이동 공영주차장(구),
잠실 더클래스원 주차장,
놀부유황오리진흙구이 잠실점 주차장,
레이크사이드 타워 주차장,
방이동한증막 주차장,
서봉빌딩 유료주차장,
성남주차장,
성우빌딩 주차장,
소피텔앰베서더서울 주차장,
송파구청 주차장,
송파나루공원 동호주차장(구),
송파빌딩 주차장,
아펙스 주차장,
태원빌딩 주차장,
파킹몬스터 방이점 민영주차장,
한길빌딩 주차장,
현대드림밸리 주차장,
효성플라자 주차장,
석촌호수로-4,
석촌호수로-5,
오금로-2,
오금로-5,
오금로-6,
오금로15길-1,
오금로15길-2,
대한제당 본사사옥,
롯데월드타워몰 주차장,
롯데캐슬골드,
시그마타워 주차장,
예전빌딩 주차장,
잠실역 공영주차장(시),
한국루터회관 주차장,
롯데월드 주차장,
송파웰리스타워 주차장,
월드타워빌딩 주차장,
리센츠상가 주차장,
메디씨티 빌딩 주차장,
은성주차장,
파인애플상가 주차장,
M타워 주차장,
동신빌딩 주차장,
봉상시길(구),
성진빌딩 주차장,
신천주차장(민영),
파로스호텔 주차장,
효창타워 주차장,
올림픽로12길-1,
올림픽로12길-2,
올림픽로8길-1,
올림픽로8길-2,
올림픽로-1,
GS타임즈 삼성동3(민영),
JBK타워 주차장,
OTC타워 주차장,
남해주차장(민영),
봉은주차장(민영),
블루파킹 삼성2호점 태성주차장(민영),
삼성1문화센터 공영주차장(구),
새마을금고중앙회 주차장,
수도빌딩 주차장,
아이큐어타워 주차장,
아이파크타워 부설주차장,
아이파크타워2 주차장,
엘슨빌딩 주차장,
영동대로106길(구),
영동대로96길(구),
하이파킹 서울의료원 강남분원 주차장,
한국문학번역원 주차장,
흥선빌딩 주차장,
봉은사로-2,
119주차장(민영),
YK빌딩 주차장,
랜드마크빌딩 주차장,
봉은사 주차장,
아남빌딩주차장,
제이모터스 주차장,
찬&찬타워 주차장,
코엑스 주차장,
팀호완 삼성점 주차장,
헌터민영주차장,
현대백화점 무역점 별관 주차장,
호텔오크우드 주차장,
흑돈가 주차장,
봉은사로-1,
경원빌딩 주차장,
대한해운 주차장,
붕산집 주차장,
블랙스톤빌딩 주차장,
삼성힐스테이트2단지상가 주차장,
삼하빌딩 주차장,
자이언트호텔 주차장,
삼성로-3,
삼성로-4,
밤부타워 주차장,
삼성2동 주민센터,
경복빌 주차장,
동원주차장,
풀전빌딩 주차장,
HD인텔렉스빌딩 주차장,
논현주차장,
삼환아르누보3차오피스텔 주차장,
한국건설기술인회관,
언주로-4,
학동로-1,
강남구 민자유치 논현2호주차장(민영),
논현1문화센터 주차장,
논현로131길(구),
논현카센터 주차장,
다래건축백화점 주차장,
미래빌딩 주차장,
법무사회관 주차장,
아이캐슬빌딩 주차장,
율암빌딩 주차장,
청운 민영 주차장(민영),
카카오T 삼성동 주차장,
포스트빌 주차장,
학동역 이안테라디움 주차장,
행운유료주차장(민영),
헤리츠웨딩홀 주차장,
논현1동 주민센터,
건우빌딩 주차장,
남양빌딩 주차장,
논현빌딩 주차장,
대웅빌딩 주차장,
무이재한방병원,
민 강남클리닉 주차장,
삼보 주차장(민영),
제이빌딩 주차장,
퍼스트빌딩 주차장,
화이트팜,
논현 노인종합복지관,
경아빌딩 주차장,
극동 주차장,
대원빌딩 주차장,
더롤관광호텔 주차장,
동신주차장,
라성빌딩 주차장,
렉스관광호텔 주차장,
바바논현빌딩 주차장,
보림빌딩 주차장,
성현빌딩 주차장,
신사역멀버리힐스 주차장,
위워크 신사점 주차장,
전기공사공제조합빌딩 주차장,
정원빌딩(禎愿빌딩),
진미선빌딩 주차장,
참예우유료주차장(민영),
페이토플라자 주차장,
푸른빌딩 주차장,
반포1주차장[반포대교남단 상류],
이촌2주차장[동작대교 하부],
현충로-1,
노량진로-1,
노량빌딩 주차장,
노량진 삼익프라자 주차장,
노량진행정고시학원,
어바니엘한강 주차장,
한성주차장(민영),
공유) 노량진2동 나블럭(구),
구본청 부설주차장(구),
동작구청,
리더스타워,
메가스터디타워,
백이빌딩,
한주주차장(민영),
장승배기로-1,
공유) 등용로(구),
희래동,
VIPS 대방점,
대방빌딩 주차장,
솔표빌딩,
여성플라자,
 성애의료재단 성애병원신관,
경부제3녹지공영주차장(구),
성애병원 앞 노상주차장(구),
성애병원앞(구),
영등포로-1,
영등포로-2,
대신시장 노상주차장(구),
대신시장앞(구),
영등포여고 공영(구),
봉이 주차장(민영),
영등포본동제1공영(구),
영등포본동제2공영(구),
도림고가 노상주차장(구),
 에이스하이테크시티,
구로세무서,
문래1동 공영주차장(시),
센터플러스,
벽산디지털밸리앞 노상주차장(구),
삼환아파트 앞 노상주차장(구),
누리 공영주차장(구),
동문굿모닝탑 앞 노상공영주차장(구),
신정7동 한사랑교회 주차장(구),
신정3동주민센터,
중앙로-4,
신트리3단지,
계남다목적체육관[계남근린공원 1호점],
서울서남병원,
이든채아파트,
위례성길(방이습지)(구),
방이역주차장(민영),
벽제갈비 방이점 주차장,
올림픽파크 센트레빌 주차장,
희정빌딩 주차장,
방이고분(구),
화성유료민영주차장,
송파나루 주차장,
송파동(건축물식)(구),
웰빙빌딩 주차장,
파크존 송파나루 민영주차장,
오금로-7,
오금로-8,
대림빌딩 주차장,
벨라스가든 주차장,
부영빌딩 주차장,
부영주차장(민영),
송파근린공원(구),
엠와이빌딩 주차장,
연세빌딩 주차장,
백제고분로-2,
석촌호수로-2,
J타워 주차장,
LG베스트샵송파점 주차장,
금정 유료주차장(민영),
레이크빌 빌딩 주차장,
레이크호텔 주차장,
미켈란 호수家 주차장,
삼백집 주차장,
서호1(구),
엔제리너스석촌호수DI점 주차장,
유성 민영 주차장(민영),
잠실아르누보팰리스 주차장,
한솔병원 제2주차장,
석촌호수로-3,
놀이마당(구),
서호2(구),
삼학사로-1,
레이크팰리스 상가A동 주차장,
송파아카데미빌딩 주차장,
태성빌딩 주차장,
삼전로-1,
삼전로-2,
석촌호수로-1,
덕유빌딩 주차장,
새마을시장(구),
유료 주차장(민영),
잠실엘타워 주차장,
제우빌딩 주차장,
트리지움 상가 주차장,
백제고분로7길-1,
백제고분로7길-2,
민성빌딩 주차장,
베네빌딩 주차장,
보현빌딩 주차장,
사보텐신천 주차장,
서일빌딩 주차장,
아시아공원(구),
애플타워빌딩 주차장,
잠실동 유료민영주차장,
잠실동 유료주차장,
잠실아이파크 주차장,
한신빌딩 주차장,
아시아선수촌중심상가 주차장,
도로교통공단 강남운전면허시험장,
동일타워 주차장,
명성모터스유료주차장,
영동대로86길노상(구),
탄천 공영주차장(구),
GS타임즈 삼성역 주차장(민영),
KT&G대치주차장,
KT&G타워 주차장,
글라스타워빌딩 부설주차장,
글래드강남코엑스센터 주차장,
대치2차 아이파크 주차장,
대화빌딩 주차장,
덕명빌딩 주차장,
메디톡스사옥,
미래에셋타워 주차장,
백암아트홀 주차장,
블루파킹 길훈빌딩 주차장(민영),
사조빌딩 주차장,
삼성역 MDM타워점 주차장,
삼성역EG빌딩 주차장,
삼안빌딩 주차장,
세일주차장(민영),
송석빌딩 주차장,
슈페리어타워,
영동대로85길(구),
오로라빌딩 주차장,
육인빌딩 주차장,
코업오피스텔 주차장,
하나은행 별관 주차장,
흥우빌딩 주차장,
K타워 주차장,
LG트윈텔2 주차장,
NC타워 주차장,
강남골든타워 주차장,
금강타워3 주차장,
루첸타워 주차장,
마젤란 주차장,
본솔빌딩 주차장,
브이플렉스 주차장,
삼성동 하남빌딩 주차장,
삼성동나대지주차장(민영),
삼성동빌딩점 주차장,
삼흥2빌딩 주차장,
섬유센터빌딩 주차장,
신안빌딩 주차장,
심스빌딩 주차장,
싹아트센터 주차장,
싹타워 주차장,
안암삼성주차장,
애플트리타워 주차장,
오트리스빌딩 주차장,
위워크빌딩 주차장,
채널리저브 주차장,
케이엠파크 싹아트센터 주차장,
콩심삼성점 주차장,
해성1빌딩 주차장,
해성2빌딩 주차장,
현대백화점 무역점,
흥국에프앤비빌딩(백양빌딩) 주차장,
삼성LG에클라트 주차장,
삼성동 신도브래뉴 주차장,
삼성제일주차장(민영),
중부지구관리소(선릉)주차장,
테헤란로69길 노상공영 주차장(구),
현대블루핸즈 주차장(민영),
테헤란로-1,
강남치매지원센터 공영주차장(구),
미스터홈즈 선정릉점 주차장,
새롬빌딩 주차장,
선정릉주차장(민영),
파크엘나인 주차장,
성우빌딩 유료주차장,
언주로-7,
강남 시니어플라자,
AMC타워 주차장,
KJ타워 주차장,
KTS빌딩 주차장,
M빌딩 주차타워,
강남차병원,
논현종합시장 유료주차장,
논현주차장(민영),
언주 민영주차장(민영),
이디야커피랩 주차장,
팍스타워 주차장,
한성한방병원 주차장,
헤븐리치더써밋761 주차장,
논현로-3,
언주로-8,
강남패밀리호텔 주차장,
대우아이빌힐타운 주차장,
비에비스나무병원 주차장,
혜림빌딩 주차장,
GS타임즈 영동프라자 주차장,
LS빌딩 주차장,
고도일병원 별관 주차장,
논현초교 공영주차장(구),
대유빌딩 주차장,
동화히스토리 주차장,
라이트하우스 주차장,
명성빌딩 주차장,
명성유료주차장,
명진빌딩 주차장,
베스트클럽빌딩 주차장,
삼영주차장(민영),
세일빌딩 주차장,
신태양빌딩 주차장,
씨머스빌딩 유료주차장,
어제오늘와이앤티성형외과의원 주차장,
유료 민영 주차장(민영),
정일빌딩 부설주차장,
호은빌딩 주차장,
XGOLF골프연습장 주차장,
반포빌딩 주차장,
한국교과서연구재단빌딩,
뉴코아 강남점,
반포쇼핑타운 4동 주차장,
반포쇼핑타운 5동 주차장,
반포쇼핑타운 6동 주차장,
반포쇼핑타운 7동 주차장,
반포쇼핑타운 8동 주차장,
반포자이프라자 주차장,
킴스클럽 주차장,
파스텔프라자 주차장,
반포3동주민센터,
태남빌딩 주차장,
"반포2, 3주차장",
반포한강공원  반포2주차장(시),
반포4주차장[더리버 앞],
덕봉빌딩[중앙대 1호점],
동해주차장[중앙대 2호점](민영),
명수대주차장(민영),
빗물펌프장 공영주차장(구),
본동종합사회복지관,
공유) 동작도서관(06~10구간)(구),
공유) 동작도서관(11~15구간)(구),
공유) 동작도서관(16~19구간)(구),
공유) 동작도서관(22~26구간)(구),
노량진2동주민센터,
동작주차장(민영),
동창빌딩 주차장,
장성빌딩,
공유) 대방동주민센터(8~22구간)(구),
대방동주민센터,
여의대방로-1,
신길1동공영(구),
신길4동1마을공원 공영(구),
신길동주차장,
도림초교공영(구),
진풍주차장(민영),
도림동 공영주차장(구),
신도림역 주차장(민영),
신도림테크노마트주차장,
현대백화점 디큐브시티,
홈플러스 신도림점,
신도림동주민센터,
갈산 거주자우선주차장(구),
(주)서부티엔디(민영),
동인트루빌,
롯데슈퍼프레시 가락점,
송파어린이문화회관 주차장,
중앙일보 강남사옥,
공유) 12-37(구),
센틀주차장(민영),
석촌역(제1호)(구),
신 송파주차장(민영),
약대울주차장(민영),
우전빌딩 주차장,
태문빌딩 주차장,
한솔병원 주차장,
공익빌딩 주차장,
광명주차장(민영),
그랜드빌딩 주차장,
석촌호수나인파크 주차장,
올림픽병원유료주차장,
호림빌딩 주차장,
송파구민회관 주차장,
승복유료주차장(민영),
제이플레이스 주차장,
잠실본동종합시장 부설주차장,
잠실스테이 주차장,
극동빌딩 주차장,
송파복합관사 주차장,
주승주차장(민영),
대치유수지(구),
새마을운동중앙회빌딩,
오뚜기센터 주차장,
S타워 주차장,
대치2문화센터 공영주차장(구),
더블유타워 주차장(민영),
오토웨이타워 주차장,
원수유료주차장(민영),
임마누엘 교회 주차장,
칠산대치 주차장,
코니빌딩 주차장,
MSA빌딩 주차장,
도화타워(구퍼시픽타워) 부설주차장,
영미빌딩 주차장,
이비스 스타일 앰배서더 서울강남 주차장,
쥬비스타워 주차장,
창진빌딩 주차장,
테헤란로78길노상(구),
포스코 센터 부설주차장,
황우거 민영 주차장,
삼성로-6,
KT선릉타워,
KT선릉타워West 주차장,
L7호텔강남 주차장,
V&S빌딩 주차장,
가리온빌딩 주차장,
강남파이낸스프라자,
금강타워 주차장,
다봉빌딩 주차장,
다성빌딩 주차장,
대우아이빌5차오피스텔 주차장,
대우아이빌멤버스 주차장,
대우아이빌명문가 주차장,
더나인 주차장,
동부금융센터 부설주차장,
동신빌딩 부설주차장,
롯데골드로즈2차 주차장,
롯데로즈골드1차 주차장,
삼성동 마에스트로 주차장,
삼성생명 대치타워 부설주차장,
삼정빌딩 주차장,
샹제리제센터 주차장,
선릉골든타워 주차장,
선릉애클라트 주차장,
신일빌딩 부설주차장,
아름빌 주차장,
암천빌딩 주차장,
역삼성담빌딩 주차장,
연봉빌딩 주차장,
원동방빌딩 주차장,
위워크 선릉3호점 주차장,
유기타워 주차장,
이케이타워 더휴웨딩홀 주차장,
칠산B동 주차장,
테헤란로64길(구),
현대스위스타워 부설주차장,
현대썬앤빌테헤란오피스텔 주차장,
현대타워 부설주차장,
K타워오피스텔 주차장,
SK허브오피스텔 주차장,
광진빌딩 주차장,
남경빌딩 주차장,
뉴브호텔 주차장,
능현오피스텔 주차장,
대흥 주차장,
덕우빌딩,
동우빌딩 주차장,
동훈타워 주차장,
두꺼비빌딩 주차장,
루트원레지던스 주차장,
리치타워 주차장,
메트라이프타워 주차장,
빅토리아빌딩 주차장,
삼성제일빌딩,
삼흥빌딩 주차장,
선릉빌딩 주차장,
선릉이스타빌오피스텔 주차장,
성지하이츠빌딩 주차장,
신도벤처타워 주차장,
신한L강남타워 주차장,
아남타워빌딩 주차장,
아이콘역삼 주차장,
아펙스타워 주차장,
어반포트 선릉역 영신빌딩 주차장,
역삼아이타워,
역삼우정에쉐르2 주차장,
역삼우정에쉐르3 주차장,
우리빌딩 주차장,
일환빌딩,
지산빌딩 주차장,
테헤란오피스빌딩,
한신인터밸리24 부설주차장,
휘닉스빌딩 주차장,
PCA라이프타워 부설주차장,
삼정빌딩 부설주차장,
센터필드 주차장,
신라스테이역삼 주차장,
역삼민영주차장(민영),
역삼아르누보씨티,
오렌지플래닛,
큰길타워,
파리스브라더스 주차장,
한경유료주차장(민영),
한국 기술센터 부설주차장,
GS타워 주차장,
KNK빌딩 주차장,
대아주차장(민영),
더문빌딩 민영주차장,
더채플앳논현 주차장,
밀레익스피리언스센터 주차장,
아승빌딩 주차장,
언주S타워 주차장,
장원주차장(민영),
제일유료주차장(민영),
751빌딩 주차장,
강남 24시 주차장(민영),
강림빌딩 주차장,
거평타운오피스텔 주차장,
기원주차장(민영),
노보텔앰버서더서울강남 주차장,
도미인서울강남호텔 주차장,
르메르디앙제1민영주차장(민영),
리체힐 주차장,
리츠칼튼호텔 주차장(민영),
벧엘민영주차장,
삼정호텔 주차장,
세명주차장,
역삼문화공원 공영주차장(구),
하이파킹 리스트강남 주차장,
호텔삼정제1주차장(민영),
ES타워 주차장,
GS타임즈 반포동  주차장(민영),
HK빌딩 주차장,
교보타워[신논현역 1호점],
대연빌딩 주차장,
대우디오빌 주차장,
동해별관 주차장,
르 메르디앙 서울 주차장,
보라빌딩 주차장,
부경빌딩 주차장,
뷰성형외과 주차장,
아이비성형외과 주차장,
양정(민영),
어반하이브빌딩 주차장,
충림빌딩 주차장,
페이지 성형외과 주차장,
하이파킹 글라스톤빌딩 주차장,
한맥빌딩 주차장,
호텔더디자이너스리즈강남 주차장,
흥국생명빌딩 주차장,
반포동 방음언덕형 공영주차장(구),
언구비 공영주차장(구),
가든리체프라자 주차장,
반포도서관,
반포복개천 공영주차장(구),
반포복개천 노상공영주차장(구),
반포쌍동빌딩 서관주차장,
반포쌍동빌딩 주차장,
반포트라이엄프메딕스빌딩 주차장,
반포1동 주민센터,
노브랜드 강남터미널점,
몰리스 센트럴시티점,
베뉴타워 주차장,
파미에(반포천) 주차장(시),
금정빌딩 주차장,
덕성빌딩 주차장,
래미안퍼스티지중심상가 주차장,
반포쇼핑타운 1동 주차장,
반포쇼핑타운 2동 주차장,
반포쇼핑타운 3동 주차장,
반포2동공영주차장(덜위치칼리지)(구),
동작대교 전망카페(상류),
반포프라자 주차장,
동작대교(위) 공영주차장(시),
동작주차공원 주차장(구),
흑석동 주민센터,
대창주차장(민영),
황소주차장(민영),
상도로-1,
공유) 동작도서관(01~05구간)(구),
공유) 동작도서관(67~70구간)(구),
공유) 동작도서관(71~76구간)(구),
공유) 상도2동 170-27(구),
공유) 장승배기로A(구),
공유) 장승배기로B(구),
공유) 장승배기로C(구),
공유) 장승배기로D(구),
문화복지센터,
영도주차장(민영),
영주차장(민영),
장승주차장(민영),
동작구보건소,
공유) 상도래미안(60~70구간)(구),
일이빌딩,
해군본부앞 공영주차장(시),
서울지방병무청,
도림신협본점 옥외주차장,
신길4동 공영주차장(구),
영복교회,
사러가-1,
신길5동 공영(구),
영등포 다목적배드민턴체육관,
영등포다목적 배드민턴체육관,
도림로-1,
도림로-2,
한국상하수도협회,
공원로-1,
공원로-2,
스타팰리스,
OPUS1,
구로대명벨리온,
제니스스포츠클럽,
고척1동마을공동주차장(구),
중앙로-1,
고척리본타운(구),
고척근린공원지하주차장(구),
개봉1동마을공동주차장(구),
천마(건축물식)(구),
송파농협하나로마트 거마점,
한스어반타워 주차장,
세림빌딩 유료민영주차장,
SK.허브파크 주차장,
서울곰두리체육센터 주차장,
송파도서관 주차장,
레미안파크팰리스 상가 주차장,
오금로-1,
천지주차장(민영),
하츠주차장,
양재대로62길-2,
중대로9길-1,
중대로9길-2,
엄마손쇼핑 주차장,
일신빌딩 주차타워,
중동빌딩 주차장,
킹스타플러스빌딩 주차장,
헬리오시티상가 주차장,
빌라드그리움 주차장,
석촌고분(구),
센트럴파킹 유료주차장(민영),
송파책박물관 주차장,
삼전동(건축물식)(구),
석촌주차장(민영),
트라이어드타워 주차장,
GN바디닥터 본사 주차장,
대영주차장(민영),
삼성대치점 주차장,
수안빌 주차장,
SM TOWER,
로얄타워 주차장,
삼성상가 주차장,
은마아파트(구),
태성빌딩,
도곡로-1,
도곡로-2,
강남구 민자유치 대치주차장(민영),
대치성보 주차장,
도곡로 421 공영주차장(구),
삼환쏘굿 주상복합 주차장,
시대인재건물 민영주차장,
유창빌딩 주차장,
타워엠프리스 주차장,
한나빌딩 주차장,
대치4동 주민센터,
K7빌딩 주차장,
남서울상가 주차장,
대치MS빌딩 주차장,
대치이엠플라자 주차장,
도곡초 공영주차장(구),
롯데MBC문화센터 강남점 주차장,
빛탑빌딩 주차장,
상부대치타워 민영 주차장,
신농프라자 주차장,
신소애빌딩 주차장,
아르고주차장,
예진빌딩 주차장,
도곡프라자,
이마트 역삼점,
한화진넥스빌 주차장,
IS빌딩 주차장,
경남아너스빌 주차장,
남서울주차장(민영),
동영문화센터 주차장,
디오빌역삼 주차장,
삼봉빌딩 주차장,
삼익 라비돌 빌딩 부설주차장,
삼풍유료주차장(민영),
신웅타워 주차장,
아레나빌딩 주차장,
아세아타워 주차장,
엠코스퀘어720 주차장,
역삼AP타워 주차장,
제포빌딩 주차장,
케이큐브타워 주차장,
키움예스저축은행 주차장,
키움저축나대지 주차장,
한국고등교육재단빌딩 주차장,
119민영주차장,
AC호텔바이메리어트서울강남 주차장,
AJ파크 우신빌딩점,
GFC 주차장,
HK스퀘어 주차장,
KP빌딩 주차장,
KS빌딩 주차장,
LG에클라트아파트 주차장,
SI타워 부설주차장,
근영빌딩 주차장,
미드타운 주차장,
성지하이츠3차빌딩 주차장,
신일유토빌오피스텔 주차장,
아주빌딩,
아크플레이스 주차장,
역삼대세빌딩 주차장,
은혜빌딩 주차장,
이스턴오피스텔 주차장,
창성재단빌딩 주차장,
테헤란로26길(구),
포스코 P&S빌딩 부설주차장,
포장마차주차장(민영),
하이츠빌딩 주차장,
한국발명진흥회 주차장,
한독약품빌딩 주차장,
현대해상 빌딩 부설주차장,
현익빌딩 주차장,
A Tower 주차장,
CNNBiz강남교육센터 주차장,
IBC오피스텔 주차장,
KG타워 주차장,
K스퀘어강남점 주차장,
LIG강남타워 부설주차장,
YBM강남센터빌딩 부설주차장,
강남N타워 주차장,
강남빌딩 유료민영주차장,
강남역 센트럴푸르지오시티 주차장,
그레이스타워,
금성빌딩 민영주차장,
대우디오빌플러스 주차장,
대호빌딩 주차장,
동경빌딩 주차장,
메디타워 주차장,
벧엘주차장(민영),
삼원타워,
상경빌딩 주차장,
서림빌딩 주차장,
시계탑빌딩 주차장,
씨티타워 주차장,
에스코빌딩 주차장,
여삼빌딩 주차장,
역삼문화공원제1호공영주차장(구),
원빌딩 주차장,
유니언타운 강남 주차장,
장연빌딩 주차장,
조이빌딩 주차장,
준경타워 주차장,
지천빌딩 주차장,
창림빌딩 주차장,
켐브리지 강남빌딩 주차장,
코너스톤 민영주차장,
크레신타워2오피스텔 주차장,
통일빌딩 주차장,
하나주차장(민영),
한국과학기술회관 주차장,
행운유료주차장,
허바허바빌딩 주차장,
CGV 강남 주차장,
K-TOWER 주차장,
가락빌딩 주차장,
경동주차장(민영),
동일빌딩 주차장,
롯데시네마 씨티 주차장,
점프밀라노 주차장,
효봉빌딩 주차장,
나이스파킹 반포주차장(민영),
반포둥근마을 공영주차장(구),
삼우빌딩 주차장,
장학재단빌딩 주차장,
홍익대학교강남교육원 주차장,
반포4동 주민센터 공영주차장(구),
503테이블 주차장,
CN스포렉스 주차장,
대한민국ROTC중앙회 주차장,
반포골프백화점주차장,
반포서래공영주차장(구),
서래센터빌딩 주차장,
서초구민체육센터 주차장,
서초구민체육센터,
엘루체웨딩컨벤션 주차장,
국립서울현충원,
만물주차장(민영),
윤주차장(민영),
공유) 상도동 134번지 일대(102~123구간)(구),
상도-1,
상도1동 주민센터,
도화공영주차장(구),
성대시장(민영),
유진주차장(민영),
상도3동 주민센터,
구릉 주차장(구),
금성주차장(민영),
대방생태공영주차장(구),
아산주차장(민영),
공유) 서울공고(100~104구간)(구),
공유) 서울공고(105~109구간)(구),
공유) 서울공고(110~114구간)(구),
공유) 서울공고(93~94구간)(구),
공유) 서울공고(95~99구간)(구),
대경(민영),
대방주차장(민영),
동국주차장(민영),
신대방주차장(민영),
신대방2동 주민센터,
 신길6동 주민센터,
메트하임,
영등포 제1스포츠센터,
대림3동 공영주차장(구),
가마산로-4,
대림운동장(구),
가마산로-2,
가마산로-3,
공원로-3,
공원로-4,
공유) 구로5동 주민센터(구),
공유) 구로중앙로28길(구),
구로5동마을공동주차장(구),
드림주차장(민영),
NC백화점 신구로점[구로역 4호점],
나인스에비뉴 부설주차장,
AJ파크 고척스카이점(민영),
국민건강보험공단구로지사,
고척1동주민센터(통합청사),
고척공구상가,
아이파크몰 고척점 주차장,
코스트코 고척점,
대림프라자,
개봉1동 노외주차장(구),
영지주차장(민영),
송파파크데이 2단지입구앞(구),
마천동1(건축물식)(구),
마천동2(건축물식)(구),
거여동 거주자상생주차장(구),
마천동3(건축물식)(구),
사거리민영주차장,
서평프라자,
송파주차장(민영),
스위트빌딩 주차장,
위례빌딩 주차장,
현대그린빌아파트,
거여빌딩 주차장,
유니팜 주차장,
오금로-3,
오금로46길-1,
오금로46길-2,
동남로-1,
동남로-2,
국립경찰병원 주차장,
백암빌딩 주차장,
부광아트빌딩 주차장,
IT벤처타워 주차장,
가락 1공영주차장(구),
가락 2공영주차장(구),
가락ID타워 주차장,
비석거리(구),
소방공제회관 주차장,
송파성원상떼빌상가 주차장,
제일오피스텔 주차장,
한솔섬유빌딩 주차장,
한화오벨리스크 주차장,
송파대로28길-1,
송파대로30길-1,
양재대로62길-1,
가락몰 주차장,
탄천제2호 공영주차장(구),
대청역 공영주차장(구),
학여울 공영주차장(시),
영동6교밑 공영주차장(시),
강남구민회관 주차장,
남부순환로397길(구),
대치동507-3(구),
대치탑프라자 주차장,
대치프라자 주차장,
삼성로-2,
강남구의회,
GS타임즈대치동주차장(민영),
대치1문화센터 주차장,
대치동제1민영주차장(민영),
디마크빌딩 부설주차장,
청실종합상가 주차장,
카이로스빌딩 주차장,
대치1동 주민센터,
강남한티주차장(구),
까사미아 대치한티점 주차장,
도곡렉스상가 주차장,
도곡로 327 공영주차장(구),
롯데백화점 강남점 주차장,
삼환아르누보2 주차장,
실크캐슬 주차장,
청운교회 주차장(민영),
역삼2동 주민센터,
나이스파크 셀라빌딩 주차장,
더스타앤샵 주차장,
서해더블루 주차장,
역삼이스타빌,
하이파킹 역삼YK빌딩점 주차장,
역삼 청소년수련관,
강남주차장(민영),
동광빌딩 주차장,
레스던스H 주차장,
성보역삼빌딩 주차장,
역삼1문화센터 공영주차장(구),
올림피아센터 주차장,
한양빌딩 주차장,
363강남타워THEKEEPERS  주차장,
K스퀘어강남2 주차장,
SM타워 주차장,
강남 8258빌딩 주차장,
강남네스빌오피스텔 주차장,
강남센타빌딩,
강남아르젠오피스텔 주차장,
강남애니타워 주차장,
골드로즈 주차장,
구립 역삼 푸른솔도서관 부설주차장,
대각빌딩,
대려도 주차장,
대륭강남타워 부설주차장,
동아유료주차장,
동인빌딩 주차장,
메가시티오피스텔 주차장,
메리츠 타워 빌딩 부설주차장,
미림타워 주차장,
비전타워 주차장,
삼성화재서초 주차장,
삼원빌딩 주차장,
서초 삼성쉐르빌2 주차장,
서초신덕빌딩 주차장,
서초파라곤오피스텔 주차장,
솔라티움시티오피스텔,
송민빌딩 주차장,
시큐어파킹 강남역점 주차장(민영),
신인빌딩 주차장,
쌍용플레티넘빌딩 주차장,
아워홈 역삼빌딩 주차장,
에이플러스에셋타워 주차장,
예미프레스티지 주차장,
제이스타워 주차장,
청남빌딩 주차장,
퍼스트역삼빌딩 주차장,
현대기림오피스텔,
현대유료주차장(민영),
현죽빌딩 주차장,
호정빌딩 주차장,
화인타워 부설주차장,
구립 역삼 푸른솔도서관,
BNK디지털타워 주차장,
GS타임즈강남역(민영),
강남빌딩 주차장,
강남역더에셋 주차장,
삼성생명서초타워 주차장,
삼성전자 서초사옥 주차장,
서초동아타워 주차장,
풍림아이원매직오피스텔 주차장,
국민은행서초동지점 주차장,
노브랜드 서울서초G5점,
명보(민영)주차장,
최상산부인사빌딩 주차장,
크로바타워 주차장,
하림인터네셔날 빌딩,
호텔아르누보서초 주차장,
교대역동측주차장(구),
동익성봉빌딩 주차장,
블루원빌딩 주차장,
삼풍주차장,
서초세움주차장(민영),
서초프라자 주차장,
장안주차장(민영),
정곡빌딩남관 주차장,
정원빌딩 주차장,
칠보빌딩 주차장,
교대정곡빌딩서관점 주차장,
서래마을공영주차장(구),
청광아트빌라 주차장,
현대반포빌라트주차장,
 그랑빌 주차장,
르뺑아쎄르 주차장,
반포대우멤버스카운티2차 주차장,
서울프랑스학교 주차장,
서초비젼타워 주차장,
이오빌딩 주차장,
GS타임즈방배동 제2주차장,
삼호(민영),
방배본동 주민센터,
동작갯마을 공영주차장(구),
동작갯마을(구),
롯데캐슬헤론상가 주차장,
방배중앙로 노상공영주차장(구),
이수 공영주차장(구),
살피재 공유주차장(구),
살피재 주차장(구),
상도로-2,
삼선이엔티주차장(민영),
공유) 성대주차장(구),
빙수골장미(구),
거주자우선(IOT공유)(구),
서울특별시보라매병원,
보라매공원 정문주차장,
한림대학교 강남성심병원,
신길로-1,
대림1동공영(구),
공유) 대림역 4번출구 (구),
대림역 공영주차장(시),
대림역2 공영주차장(시),
동구로 공영주차장(시),
정현빌딩,
가마산로-1,
공유) 구로중학교A(구),
공유) 구로중학교B(구),
구로구청,
구로아트밸리 지하주차장(구),
신광주차장(민영),
구로본동주차장(민영),
개봉역 1번출구 주차장(민영),
일이삼전자타운,
원진주차장(민영),
대건주차장(민영),
반도주차장(민영),
서림주차장(민영),
오류동 시티월드,
오류동역 부설주차장,
경인로-1,
경인로-2,
예원주차장(민영),
오류1동 텃골주차장(구),
수궁동주민센터,
형제 주차장(민영),
거여동(기계식)(구),
거여자율주차장,
스타빌딩 주차장,
장지동공영(체비지)(구),
문정레미안상가 주차장,
로데오길(구),
문정골길 노상 공영주차장(구),
아이패밀리SC 주차장,
롯데마트 송파점,
행운주차장(민영),
훼미리샤르망 주차장,
수서동 주민센터,
강남 스포츠문화센터,
삼성서울병원,
일원동맛의거리(구),
일원1동 주민센터,
영희초교 공영주차장(구),
일원1동(기계식)(구),
영희초교,
영동대로-3,
강남 장애인복지관,
일원2동 주민센터,
일원 스포츠문화센터,
개포2문화센터 주차장,
개포주공5단지북측(구),
개포2동 주민센터,
개포동공원 공영주차장(구),
그랑프리엔 주차장,
동하빌딩 주차장,
스윙파크골프연습장 주차장,
여천빌딩 주차장,
군인공제회 회관 부설주차장,
린스퀘어 주차장,
아카데미프라자 주차장,
강남세브란스병원,
도곡로21길 7 공영주차장(구),
예작빌딩 주차장,
논현로-4,
강남웅진베어스빌 주차장,
명빌딩 주차장,
511타워 주차장,
KB라이프타워 주차장,
강남 쉐르빌 주차장,
강남역푸르지오시티 주차장,
갤럭시타워 주차장,
노브랜드 강남역삼점,
랜드마크타워 주차장,
산학협동재단빌딩 주차장,
삼일프라자 오피스텔 주차장,
서우빌딩 주차장,
서초 이즈타워 주차장,
서초대우디오빌프라임 주차장,
서초레미안리더스원상가 주차장,
서초메트로빌딩주차장(민영),
서초현대렉시온 주차장,
성우스타우스오피스텔 주차장,
신명스카이뷰 주차장,
에피소드 서초 393 주차장,
에피소드강남262 주차장,
역삼디오슈페리움 주차장,
유니온센터오피스텔 주차장,
코리아비지니스센터 주차장,
풍림아이원플러스오피스텔 주차장,
필주차장(민영),
한화생명 서초사옥(드림플러스),
헤븐리치 주차장,
황화빌딩 주차장,
릿타워 주차장,
서초2동주민센터,
무궁화공영주차장(구),
서울교육대학교,
서초1동주민센터,
대진빌 주차장,
서보빌딩 주차장,
서초우정빌딩 주차장,
신일(민영),
웅진타워 주차장,
지웰홈스교대점 주차장,
청화 민영 주차장,
서초대로50길-1,
고덕빌딩 주차장,
공유) 3-66(구),
국제 유료 주차장(민영),
꽃마을골프주차장(민영),
대호IR빌딩 주차장,
서초 마제스타시티,
서초동 제1 주차장(민영),
서초역파크빌딩 주차장,
석정빌딩 주차장,
오퓨런스[서초역 1번출구],
방배열린문화센터 공영주차장(구),
한국수입협회 주차장,
가나안빌딩 주차장,
맥 주차장(민영),
왕실(민영),
노을카페(민영),
사당3주차장(민영),
성현로-1,
보라매제1공영주차장(구),
봉천복개3 공영주차장(시),
롯데백화점 관악점 주차장,
보라매상업 공영주차장(시),
전문건설회관 주차장,
해태보라매타워,
봉천로-1,
대림주차장(민영),
대림어린이공원 공영(구),
서광주차장(구),
시흥대로-1,
시흥대로-2,
대림2동공영(구),
구로리공원지하주차장(구),
대림노외 공영주차장(시),
구로2동 마을공동주차장(구),
구로4동 주택가 공동 주차장(구),
새서울주차장(태영주차장)(민영),
가마산고가밑 공영주차장(시),
고려대학교 구로병원,
형제주차장(민영),
삼칠주차장(민영),
온수역(남) 공영주차장(시),
온수주차장(민영),
송파헤븐시티더테라스,
우성르보아위례오피스텔 주차장,
강진빌딩(민영),
문정골길 공영주차장,
문정근린공원(구),
문정SK V1 GL메트로시티 주차장,
문정대명벨리온지식산업센터점 주차장,
문정법조프라자 주차장,
문정역테라타워 주차장,
문정헤리움써밋타워 주차장,
소노타워 주차장,
송파농협빌딩 주차장,
송파테라타워2 주차장,
엠스테이트 주차장,
현대지식산업센터 주차장,
화엄타워 주차장,
AJ빌딩 주차장,
H비지니스파크AB동 주차장,
H비지니스파크CD동 주차장,
KD70 주차장,
MK타워 주차장,
PNS홈즈타워 주찯장,
벤츠송파서비스센터 주차장,
서울한방병원,
수성위너스 주차장,
힐스테이트에코송파 주차장,
(주)에스알 주차장,
이마트 수서점,
수서역북 공영주차장(시),
일원역 공영주차장(시),
영동대로-1,
영동대로-2,
삼성로-7,
대림아크로텔오피스텔 주차장,
우성리빙텔아파트 주차장,
우성캐릭터199오피스텔상가 주차장,
우성캐릭터빌 주차장,
인스토피아오피스텔 주차장,
재능스스로빌딩 주차장,
타워팰리스3차 주차장,
현대비젼21 주차장,
논현로28길 노상공영 주차장(구),
도곡sk리더스뷰 주차장,
도곡주차장(민영),
롯데시네마도곡점 주차장,
마켓오도곡점 주차장,
아성빌딩 주차장,
한방빌딩 주차장,
논현로32길15 공영주차장(구),
도곡1동 주민센터,
서광빌딩 주차장,
서초두산위브 주차장,
언주초 공영주차장(구),
캠코양재타워 부설주차장,
힐튼가든인서울강남점 주차장,
강남메인타워 주차장,
동심빌딩 주차장,
반도유료주차장,
백향빌딩 주차장,
서초동파커스사옥 주차장,
서초민강남클리닉 주차장,
서초월드오피스텔 주차장,
서초주차장(민영),
송남빌딩 주차장,
신방빌딩 주차타워,
유진빌딩 유료주차장,
장미아파트 유료주차장,
지엔씨빌딩 주차장,
한국전력공사 한전아트센터,
한라비발디스튜디오193 주차장,
희망주차장(민영),
HJ타워 주차장,
선형주차장(민영),
해창빌딩 주차장,
강남종합부속상가 제1주차장,
강남종합부속상가 제2주차장,
건축사회관 주차장,
국제(민영),
국제전자센터 주차장,
래미안서초유니빌 주차장,
서초쌍용플래티넘 주차장,
엔비티빌딩 주차장,
윤일빌딩 주차장,
이마트에브리데이 남부터미널점,
준영빌딩 주차장,
한솔빌딩 주차장,
담이주차장(민영),
덕암민영주차장,
삼경주차장,
서초 센트럴 주차장(민영),
서초레몬 주차장,
서초아트자이 주차장,
서초에클라트 주차장,
서초프라비다 주차장,
우성쁘띠오피스텔 주차장,
한성빌딩 주차장,
홍인빌딩 주차장,
꽃마을유료주차장(민영),
우제빌딩 주차장,
노브랜드 서초방배점,
예광빌딩 주차장,
정원주차장(민영),
방배1동 공영주차장(구),
투썸플레이스내방역점 주차장,
서초대로-1,
서초대로-3,
구산타워 주차장,
디오슈패리움1차 주차장,
디오슈페리움2차 주차장,
방배마에스트로 주차장,
방배복개도로 제2지역 공영주차장(구),
성산빌딩,
이수파이브 주차장,
공유) 사당동 남일교회(1~19 구간)(구),
남성사계시장(구),
공유) 사당3동 다112(구),
공유) 사당3동 다블럭(구),
사당솔밭도서관,
글빛정보도서관,
청림길-1,
강남고려병원,
서울YWCA봉천종합사회복지관,
우성타운상가,
봉천동 메카플러스주차장,
은천동 주민센터(복합청사),
봉천현대-1,
은천로,
보라매동 주민센터 주차장,
보라매동 주민센터,
신림동제2공영(구),
관악신사시장 공영주차장,
신대방역 공영주차장(시),
신사동제1공영주차장,
우정주차장(민영),
구로디지털단지역(상) 공영주차장(시),
신사로,
구로디지털단지역 공영주차장(시),
이마트구로점,
한국산업단지공단 서울지역본부,
TP타워,
대륭포스트타워7차,
벽산디지털밸리7차,
삼성IT밸리 주차장,
에이스테크노타워3차 주차장,
우림이비지센터,
구로3동 마을공동주차장(구),
예술인주차장(민영),
가산디지털환승(구),
공유) 01-51구역(구),
공유) 01-52구역(구),
세창주차장(민영),
영일주차장(민영),
하늘공원주차장(구),
가산디지털 서측(구),
에이스가산포휴,
KT개봉빌딩,
랑데르오피스텔상가,
천왕역 공영주차장(시),
송파성희프라자 주차장,
위례아이온스퀘어 주차장,
문정프라비다 주차장(민영),
문정아이파크 주차장,
송파법조타운푸르지오시티,
송파아이파크 주차장,
송파푸르지오시티오피스텔 주차장,
송파한화오벨리스크 주차장,
유탑테크밸리 민영주차장,
파트너스1빌딩 주차장,
파트너스2빌딩 주차장,
하이파킹 문정프라비다점,
힐스테이트에코문정,
일원본동주민센터 주차장,
광평로-1,
일원본동 주민센터,
일원터널 공영주차장(시),
개포도서관 주차장,
개포로-1,
언주로-10,
강남수도사업소 주차장,
논현로22길(구),
도곡2문화센터 주차장,
매봉주차장(민영),
유건주차장(민영),
도곡2동 주민센터,
영광주차장(민영),
제이프러스빌딩,
서초구청 주차장,
양재역 주차장(민영),
GS건설 서초타워,
LG베스트샵서초본점 주차장,
국민건강보험공단 민영주차장,
마임전용주차장(민영),
서리풀주차장(민영),
서초삼아제약 주차장,
서초평화빌딩 주차장,
오륜(민영),
남부순환로,
승정빌딩주차장(민영),
성산빌딩주차장,
프린스효령빌딩 주차장,
하이파킹방배점 주차장(민영),
한국감정평가사회관 주차장,
머리재빌딩 주차장,
방배센트럴빌딩 주차장,
방배아크로타워 주차장,
방배역 공영주차장(구),
방배역 노상 공영주차장(구),
서학빌딩 주차장,
청권사(민영),
중앙로공영주차빌딩(구),
지호빌딩 주차장,
방배노인종합복지관 주차장,
방배복개도로 제1지역 공영주차장(구),
방배복개도로 제2지역 노상 공영,
공유) 사당1동 가블럭(구),
대호주차장(민영),
사당1동주민센터,
공유) 삼일주차장(민영),
공유) 은행나무골(구),
종점주차장(민영),
지산주차장(민영),
엔젤데이케이센터 지하주차장(구),
"행운동제1공영주차장(구,봉천6동 까치공영주차장)",
관악프라자(민영),
고운주차장(민영),
삼모 더 프라임 타워,
서원동제1공영(구),
신림주차장(민영),
중앙주차장,
타임스트림[신림역 2호점],
신림동525번지39호유료주차장(민영),
런던웨딩프라자(민영),
명진유료주차장(민영),
조원동제1공영주차장,
조원동제2공영(구),
조원동주민센터,
한국에너지정보문화재단,
지플러스타워,
포포인츠 바이 쉐라톤 서울 구로,
G-Tower[구로 지스퀘어점],
JNK디지털타워,
구로 한화비즈메트로,
마리오타워,
에이스 하이엔드 타워 1차 부설주차장,
에이스트윈타워2차,
코오롱 디지털 타워빌란트 2차 부설주차장,
코오롱 디지털타워 빌란트 1차,
가리봉주차장(민영),
가족통합지원센터 주차장,
로타리주차장(민영),
시장주차장(민영),
SJ테크노빌(구),
가산 우림라이온스밸리,
가산비즈니스센터,
스타밸리 주차장,
에이스테크노타워10차 주차장,
가산A1타워 주차장,
견인보관소 노외(구),
대륭테크노타운5차,
대륭테크노타운6차 주차장,
디폴리스 주차장,
백상스타타워2차,
가산디지털2로-1,
구로 천왕센터프라자,
송파와이즈가든 민영 주차장,
위례중앙푸르지오 2단지 주차장,
가든파이브 라이프,
가든파이브웍스 주차장,
이마트 가든5점,
구룡산제2호(구),
구룡산제1호(구),
개포4동주민센터 주차장,
포이초교 공영주차장(구),
개포4복합문화센터,
그루주차장(민영),
논현로-6,
논현로-7,
201주차장,
시민주차장(민영),
양재주차빌딩(구),
양재주차장(민영),
마방로,
성진(민영),
예술의전당 주차장,
방배빌딩 주차장,
방배삼원빌딩 주차장,
방배3동 주민센터,
효령로-3,
효령로-4,
JBI빌딩 주차장,
SK리더스뷰 (민영),
사당노외 공영주차장(시),
서초프라임요양병원 주차장,
웅지빌딩 주차장,
효령로-1,
남경주차장(민영),
남현동 도원빌딩,
한누리(구),
인헌동주민센터(복합청사),
에이치하임,
봉천로-2,
낙성대동 주민센터,
낙성대제1공영(구),
싱글벙글교육센터 주차장,
관악구청 주차장,
한승주차장(민영),
관악로-2,
쑥고개로-1,
쑥고개주차장(민영),
관악세무소 주차장,
바이하우스,
부성주차장(민영),
엘림주차장(민영),
공유) 04-04구역(구),
공유) 04-14구역(구),
공유) 04-01구역(구),
공유) 04-06구역(구),
공유) 04-08구역(구),
공유) 04-09구역(구),
공유) 04-10구역(구),
공유) 04-11구역(구),
공유) 04-12구역(구),
공유) 04-13구역(구),
공유) 04-17구역(구),
공유) 04-18구역(구),
공유) 06-18구역(구),
독산3동 공영주차장(구),
성문랜트카 전용주차장(민영),
독산3동 주민센터,
공유) 02-03구역(구),
공유) 06-13구역(구),
공유) 06-16구역(구),
공유) 06-19구역(구),
공유) 06-20구역(구),
공유) 06-24구역(구),
공유) 06-25구역(구),
공유) 06-27구역(구),
공유) 06-28구역(구),
공유) 06-29구역(구),
금천세무서,
다목적 공영주차장(구),
가산덕산아파트,
가산동공영주차장(구),
가산동주민센터,
공유) 01-63구역(구),
가산동 주민센터,
LG텔레콤(구),
W-MALL ,
공유) 01-53구역(구),
더리즌밸리 주차장,
마리오아울렛 1관,
마리오아울렛 2관,
에이스하이엔드타워6차,
하이힐(현대시티아울렛),
SJ테크노빌 주차장(롯데팩토리아울렛),
stx V-TOWER 주차장,
남성프라자,
마리오아울렛 3관,
에이스하이엔드3차 주차장,
월드메르디앙벤처센터,
아이온타워3차,
구로항동에이스캠프,
위례중앙푸르지오1단지 주차장,
서울복합물류단지 주차장,
강남구 율현동 102-7(민영),
헌릉로745길(구),
밤고개로21길 공영주차장(구),
서강프라자,
자곡문화센터,
신설주차장(민영),
논현로,
논현로-8,
양재대로-1,
계명(민영),
구룡공영주차빌딩(구),
구룡공원 공영주차장(구),
언남문화체육센터 공영주차장(구),
파킹랜드(민영),
GS타임즈 양재근린공원(민영),
양재2동주민센터 공영주차장(구),
양재근린공원 공영주차장(구),
운봉주차장(민영),
언남문화체육센터 B2,
매헌시민의숲동측 공영주차장(구),
양재도서관,
홈플러스 남현점,
남현동주민센터(복합청사),
낙성대제2공영(구),
관악구민종합체육센터,
서림동 주민센터,
중앙주차장(민영),
난곡동제1공영주차장(구),
난곡동주민센터,
세이브마트 신림본점 주차장,
공유) 04-00구역(구),
공유) 04-19구역(구),
공유) 04-23구역(구),
공유) 04-24구역(구),
공유) 04-25구역(구),
공유) 05-14구역(구),
공유) 05-15구역(구),
공유) 05-16구역(구),
공유) 05-17구역(구),
공유) 05-26구역(구),
공유) 05-27구역(구),
길목주차장(민영),
(주)천보월드,
공유) 02-06구역(구),
공유) 02-07구역(구),
공유) 05-04구역(구),
공유) 06-00구역(구),
공유) 06-01구역(구),
공유) 06-02구역(구),
공유) 06-04구역(구),
공유) 06-05구역(구),
공유) 06-06구역(구),
공유) 06-09구역(구),
공유) 06-10구역(구),
새울(민영),
공유) 02-05구역(구),
공유) 02-08구역(구),
공유) 02-09구역(구),
롯데마트 맥스 금천점,
사조냉장-무등실업(구),
가산테라타워,
공유) 02-10구역(구),
가산아이에스비즈타워[가산동 3호점],
에이스하이엔드타워8차,
잔카드림타워,
한라시그마밸리,
복정역 공영주차장(시),
세곡문화센터 주차장,
세곡동 주민센터,
세곡동 URG빌딩,
워시존 강남점(민영),
팜모드 주차장,
동산마을 공영주차장(구),
매헌시민의숲(매헌)역 공영주차장(구),
원주차장(민영),
텃골농장(옐로우주차장)(민영),
한국농수산식품유통공사 AT센터,
더케이호텔서울 주차장,
매헌 윤봉길의사기념관 주차장,
두레(민영),
관악로-1,
관악문화관도서관,
신림로-1,
삼성동제1공영(구),
성민종합사회복지관,
난곡로-1,
난곡로-2,
공유) 05-99구역(구),
독산로54길-1,
공유) 03-23구역(구),
공유) 03-28구역(구),
공유) 03-29구역(구),
공유) 03-33구역(구),
공유) 03-34구역(구),
공유) 05-12구역(구),
공유) 05-13구역(구),
공유) 05-18구역(구),
공유) 05-20구역(구),
공유) 05-21구역(구),
공유) 05-22구역(구),
공유) 05-23구역(구),
공유) 05-24구역(구),
공유) 05-25구역(구),
공유) 05-30구역(구),
금천구민문화체육센터,
독산4동 공영주차장(구),
LG전자베스트샵 금천본점,
공유) 05-00구역(구),
공유) 05-01구역(구),
공유) 05-03구역(구),
공유) 05-07구역(구),
공유) 05-08구역(구),
공유) 05-09구역(구),
공유) 05-10구역(구),
대광(민영),
독산4동 제일주차장 (민영),
독산4동주민센터,
문성주차장(민영),
독산4동 주민센터,
가산중앞(구),
공유) 02-12구역(구),
공유) 02-50구역(구),
독산1동주민센터,
독산동청년주택 주차장,
현대지식산업센터,
홈플러스 금천점,
독산1동 주민센터,
대륭테크노타운 20차,
대륭테크노타운13차,
더 루벤스밸리[독산역 1호점],
독산동 금천교 공영주차장(시),
우림라이온스밸리2차,
세곡주차장(민영),
강남레체오피스텔,
대왕초 공영주차장(구),
농협하나로클럽 주차장,
한국연구재단 서울청사,
하나로 마트 양재점,
이마트 양재점[양재시민의숲역 2호점],
코스트코 양재점,
공유) 10-28구역(구),
공유) 10-34구역(구),
공유) 03-16구역(구),
공유) 03-17구역(구),
공유) 03-24구역(구),
공유) 03-25구역(구),
공유) 03-26구역(구),
공유) 03-27구역(구),
공유) 03-31구역(구),
공유) 03-32구역(구),
공유) 03-35구역(구),
공유) 10-26구역(구),
공유) 12-02구역(구),
남부여성발전센터 공영주차장(시),
독산2동주민센터,
독산2동 주민센터,
공유) 03-08구역(구),
공유) 03-10구역(구),
공유) 03-12구역(구),
공유) 03-13구역(구),
공유) 03-14구역(구),
공유) 03-15구역(구),
공유) 03-19구역(구),
공유) 03-20구역(구),
공유) 03-21구역(구),
공유) 03-22구역(구),
독산2동 공영주차장(구),
독산2동마을공원 공영주차장(구),
독산1동공영주차장(구),
전국주차장(민영),
가산동 금천교 공영주차장(시),
금천 롯데타워 오피스텔,
디지털엠파이어 주차장,
세곡 커뮤니티센터,
서초케이타운,
필주차장(남도파킹)(민영),
서초종합체육관,
남서울농협 우면동지점 주차장,
중앙로,
서울대학교,
난향동 주민센터,
공유) 10-24구역(구),
공유) 10-29구역(구),
공유) 10-30구역(구),
시흥 4동 공영주차장(구),
효봉공영주차장(구),
공유) 10-00구역(구),
공유) 10-12구역(구),
공유) 10-13구역(구),
공유) 10-14구역(구),
공유) 10-15구역(구),
공유) 10-16구역(구),
공유) 10-17구역(구),
공유) 10-18구역(구),
공유) 10-19구역(구),
공유) 10-21구역(구),
공유) 10-22구역(구),
공유) 10-25구역(구),
공유) 12-01구역(구),
공유) 12-04구역(구),
공유) 12-06구역(구),
공유) 12-07구역(구),
공유) 12-08구역(구),
공유) 12-09구역(구),
공유) 12-10구역(구),
공유) 12-13구역(구),
삼보유료주차장(민영),
시흥4동주민센터,
시흥4동 주민센터,
공유) 03-01구역(구),
공유) 03-02구역(구),
공유) 03-03구역(구),
공유) 03-04구역(구),
공유) 03-06구역(구),
공유) 12-09구역(노외)(구),
공유) 12-16구역(구),
공유) 12-17구역(구),
공유) 12-18구역(구),
창강산업(주),
금천 롯데 캐슬 4차,
롯데캐슬골드파크3차,
서울시어린이병원 주차장,
서울추모공원 주차장,
남서울농협 주차장,
공유) 10-05구역(구),
공유) 10-05구역(노외)(구),
공유) 10-06구역(구),
공유) 11-02구역(구),
공유) 11-02구역(노외)(구),
공유) 11-08구역(구),
공유) 11-55구역(구),
시흥 4동 (삼성)공영주차장(구),
공유) 10-01구역(구),
공유) 10-02구역(구),
공유) 10-09구역(구),
공유) 10-10구역(구),
공유) 10-11구역(구),
공유) 11-11구역(구),
공유) 12-21구역(구),
공유) 12-22구역(구),
공유) 12-23구역(구),
공유) 12-24구역(구),
공유) 12-25구역(구),
공유) 12-26구역(구),
공유) 12-31구역(구),
공유) 12-34구역(구),
금빛공원휘트니스센터,
상인회주차장(구),
새서울주차장(민영),
시흥1동주민센터,
시흥주차장(민영),
엘림교회,
시흥1동 주민센터,
공유) 12-15구역(구),
공유) 12-20구역(구),
공유) 02-35구역(구),
공유) 02-38구역(구),
금천구청 부설주차장,
KT광명빌딩,
공유) 02-33구역(구),
공유) 02-36구역(구),
내곡드림시티2차 주차장,
오라카이청계산 주차장,
공유) 08-02구역(구),
시흥2동 주민센터,
공유) 08-00구역(구),
공유) 11-00구역(구),
공유) 11-07구역(구),
공유) 11-09구역(구),
공유) 11-12구역(구),
공유) 11-13구역(구),
공유) 11-16구역(구),
공유) 11-26구역(구),
공유) 11-27(구),
공유) 11-28구역(구),
공유) 11-29구역(구),
공유) 11-33구역(구),
은행나무 주차장(민영),
은행나무(민영),
(주)남성카멜리아,
공유) 11-17구역(구),
공유) 11-18구역(구),
공유) 11-36구역(구),
공유) 11-38구역(구),
공유) 11-99구역(구),
공유) 12-03구역(구),
공유) 12-36구역(구),
공유) 12-37구역(구),
시흥5동주민센터,
은행나무로-1,
홈플러스 시흥점,
시흥1동 공영주차장(구),
내곡드림시티1,
내곡프라임시티,
서초포레지움 주차장,
청계산 청룡주차장(구),
청계산근린광장(구),
청계산자연누리오피스텔 주차장,
공유) 11-30구역(구),
공유) 11-31구역(구),
공유) 11-32구역(구),
공유) 11-77구역(구),
공유) 11-88구역(구),
민간주차장(민영),
공유) 11-19구역(구),
공유) 11-37구역(구),
금천문화회관,
sm엘루이 APT,
시흥3동 공영주차장(구),
시흥3동주민센터,
시흥3동 주민센터,
구룡 공영주차장(구),
신원주차장(민영),
공유) 09-13구역(구),
공유) 09-15구역(구),
공유) 09-50구역(구),
